sid,name,time,sat,vmax,lat,lon,eye_prob,category
2013281N12098,PHAILIN,2013-10-07 12:00:00,FY2-E,20.0,11.8,97.6,,Depression
2013281N12098,PHAILIN,2013-10-07 12:00:00,MET-7,20.0,11.8,97.6,,Depression
2013281N12098,PHAILIN,2013-10-07 12:00:00,MTS-2,20.0,11.8,97.6,,Depression
2013281N12098,PHAILIN,2013-10-07 15:00:00,FY2-E,23.0,12.0,97.0,,Depression
2013281N12098,PHAILIN,2013-10-07 15:00:00,MET-7,23.0,12.0,97.0,,Depression
2013281N12098,PHAILIN,2013-10-07 15:00:00,MTS-2,23.0,12.0,97.0,,Depression
2013281N12098,PHAILIN,2013-10-07 18:00:00,MET-7,25.0,12.1,96.4,,Depression
2013281N12098,PHAILIN,2013-10-07 18:00:00,MTS-2,25.0,12.1,96.4,,Depression
2013281N12098,PHAILIN,2013-10-07 21:00:00,FY2-E,25.0,12.2,95.9,,Depression
2013281N12098,PHAILIN,2013-10-07 21:00:00,MET-7,25.0,12.2,95.9,,Depression
2013281N12098,PHAILIN,2013-10-07 21:00:00,MTS-2,25.0,12.2,95.9,,Depression
2013281N12098,PHAILIN,2013-10-08 00:00:00,FY2-E,25.0,12.3,95.6,,Depression
2013281N12098,PHAILIN,2013-10-08 00:00:00,MET-7,25.0,12.3,95.6,,Depression
2013281N12098,PHAILIN,2013-10-08 00:00:00,MTS-2,25.0,12.3,95.6,,Depression
2013281N12098,PHAILIN,2013-10-08 03:00:00,FY2-E,25.0,12.4,95.5,,Depression
2013281N12098,PHAILIN,2013-10-08 03:00:00,MET-7,25.0,12.4,95.5,,Depression
2013281N12098,PHAILIN,2013-10-08 03:00:00,MTS-2,25.0,12.4,95.5,,Depression
2013281N12098,PHAILIN,2013-10-08 06:00:00,FY2-E,25.0,12.4,95.2,,Depression
2013281N12098,PHAILIN,2013-10-08 06:00:00,MET-7,25.0,12.4,95.2,,Depression
2013281N12098,PHAILIN,2013-10-08 06:00:00,MTS-2,25.0,12.4,95.2,,Depression
2013281N12098,PHAILIN,2013-10-08 09:00:00,FY2-E,28.0,12.4,94.9,,Deep Depression
2013281N12098,PHAILIN,2013-10-08 09:00:00,MET-7,28.0,12.4,94.9,,Deep Depression
2013281N12098,PHAILIN,2013-10-08 09:00:00,MTS-2,28.0,12.4,94.9,,Deep Depression
2013281N12098,PHAILIN,2013-10-08 12:00:00,FY2-E,30.0,12.4,94.5,2.821899890899658,Deep Depression
2013281N12098,PHAILIN,2013-10-08 12:00:00,MET-7,30.0,12.4,94.5,0.9275400042533875,Deep Depression
2013281N12098,PHAILIN,2013-10-08 12:00:00,MTS-2,30.0,12.4,94.5,,Deep Depression
2013281N12098,PHAILIN,2013-10-08 15:00:00,FY2-E,30.0,12.5,94.2,7.94290018081665,Deep Depression
2013281N12098,PHAILIN,2013-10-08 15:00:00,MET-7,30.0,12.5,94.2,0.33726999163627625,Deep Depression
2013281N12098,PHAILIN,2013-10-08 15:00:00,MTS-2,30.0,12.5,94.2,0.5220500230789185,Deep Depression
2013281N12098,PHAILIN,2013-10-08 18:00:00,MET-7,30.0,12.7,94.0,5.230800151824951,Deep Depression
2013281N12098,PHAILIN,2013-10-08 18:00:00,MTS-2,30.0,12.7,94.0,0.8436099886894226,Deep Depression
2013281N12098,PHAILIN,2013-10-08 21:00:00,FY2-E,33.0,12.9,93.7,-0.059199001640081406,Deep Depression
2013281N12098,PHAILIN,2013-10-08 21:00:00,MET-7,33.0,12.9,93.7,0.8439099788665771,Deep Depression
2013281N12098,PHAILIN,2013-10-08 21:00:00,MTS-2,33.0,12.9,93.7,0.9992799758911133,Deep Depression
2013281N12098,PHAILIN,2013-10-09 00:00:00,FY2-E,35.0,13.1,93.5,10.158900260925293,Cyclonic Storm
2013281N12098,PHAILIN,2013-10-09 00:00:00,MET-7,35.0,13.1,93.5,6.69950008392334,Cyclonic Storm
2013281N12098,PHAILIN,2013-10-09 00:00:00,MTS-2,35.0,13.1,93.5,,Cyclonic Storm
2013281N12098,PHAILIN,2013-10-09 03:00:00,FY2-E,38.0,13.2,93.3,,Cyclonic Storm
2013281N12098,PHAILIN,2013-10-09 03:00:00,MET-7,38.0,13.2,93.3,1.3344000577926636,Cyclonic Storm
2013281N12098,PHAILIN,2013-10-09 03:00:00,MTS-2,38.0,13.2,93.3,,Cyclonic Storm
2013281N12098,PHAILIN,2013-10-09 06:00:00,FY2-E,40.0,13.2,92.9,0.6325399875640869,Cyclonic Storm
2013281N12098,PHAILIN,2013-10-09 06:00:00,MET-7,40.0,13.2,92.9,1.5328999757766724,Cyclonic Storm
2013281N12098,PHAILIN,2013-10-09 06:00:00,MTS-2,40.0,13.2,92.9,,Cyclonic Storm
2013281N12098,PHAILIN,2013-10-09 09:00:00,FY2-E,43.0,13.5,92.5,,Cyclonic Storm
2013281N12098,PHAILIN,2013-10-09 09:00:00,MET-7,43.0,13.5,92.5,11.299300193786621,Cyclonic Storm
2013281N12098,PHAILIN,2013-10-09 09:00:00,MTS-2,43.0,13.5,92.5,6.257199764251709,Cyclonic Storm
2013281N12098,PHAILIN,2013-10-09 12:00:00,FY2-E,45.0,13.6,92.4,,Cyclonic Storm
2013281N12098,PHAILIN,2013-10-09 12:00:00,MET-7,45.0,13.6,92.4,,Cyclonic Storm
2013281N12098,PHAILIN,2013-10-09 12:00:00,MTS-2,45.0,13.6,92.4,,Cyclonic Storm
2013281N12098,PHAILIN,2013-10-09 15:00:00,FY2-E,50.0,13.7,92.3,9.762200355529785,Severe Cyclonic Storm
2013281N12098,PHAILIN,2013-10-09 15:00:00,MET-7,50.0,13.7,92.3,32.62699890136719,Severe Cyclonic Storm
2013281N12098,PHAILIN,2013-10-09 15:00:00,MTS-2,50.0,13.7,92.3,,Severe Cyclonic Storm
2013281N12098,PHAILIN,2013-10-09 18:00:00,MET-7,55.0,14.0,91.9,0.8128600120544434,Severe Cyclonic Storm
2013281N12098,PHAILIN,2013-10-09 18:00:00,MTS-2,55.0,14.0,91.9,5.923999786376953,Severe Cyclonic Storm
2013281N12098,PHAILIN,2013-10-09 21:00:00,FY2-E,60.0,14.1,91.8,-0.4669699966907501,Severe Cyclonic Storm
2013281N12098,PHAILIN,2013-10-09 21:00:00,MET-7,60.0,14.1,91.8,0.6071500182151794,Severe Cyclonic Storm
2013281N12098,PHAILIN,2013-10-09 21:00:00,MTS-2,60.0,14.1,91.8,3.362299919128418,Severe Cyclonic Storm
2013281N12098,PHAILIN,2013-10-10 00:00:00,FY2-E,65.0,14.5,91.4,7.288099765777588,Very Severe Cyclonic Storm
2013281N12098,PHAILIN,2013-10-10 00:00:00,MET-7,65.0,14.5,91.4,1.440999984741211,Very Severe Cyclonic Storm
2013281N12098,PHAILIN,2013-10-10 00:00:00,MTS-2,65.0,14.5,91.4,1.0146000385284424,Very Severe Cyclonic Storm
2013281N12098,PHAILIN,2013-10-10 03:00:00,FY2-E,78.0,14.6,91.0,7.990300178527832,Very Severe Cyclonic Storm
2013281N12098,PHAILIN,2013-10-10 03:00:00,MET-7,78.0,14.6,91.0,17.894899368286133,Very Severe Cyclonic Storm
2013281N12098,PHAILIN,2013-10-10 03:00:00,MTS-2,78.0,14.6,91.0,1.3597999811172485,Very Severe Cyclonic Storm
2013281N12098,PHAILIN,2013-10-10 06:00:00,FY2-E,90.0,15.0,90.7,81.72669982910156,Extremely Severe Cyclonic Storm
2013281N12098,PHAILIN,2013-10-10 06:00:00,MET-7,90.0,15.0,90.7,65.5281982421875,Extremely Severe Cyclonic Storm
2013281N12098,PHAILIN,2013-10-10 06:00:00,MTS-2,90.0,15.0,90.7,32.75830078125,Extremely Severe Cyclonic Storm
2013281N12098,PHAILIN,2013-10-10 09:00:00,FY2-E,100.0,15.1,90.5,100.0,Extremely Severe Cyclonic Storm
2013281N12098,PHAILIN,2013-10-10 09:00:00,MET-7,100.0,15.1,90.5,83.02680206298828,Extremely Severe Cyclonic Storm
2013281N12098,PHAILIN,2013-10-10 09:00:00,MTS-2,100.0,15.1,90.5,49.69499969482422,Extremely Severe Cyclonic Storm
2013281N12098,PHAILIN,2013-10-10 12:00:00,FY2-E,110.0,15.4,90.1,100.0,Extremely Severe Cyclonic Storm
2013281N12098,PHAILIN,2013-10-10 12:00:00,MET-7,110.0,15.4,90.1,100.0,Extremely Severe Cyclonic Storm
2013281N12098,PHAILIN,2013-10-10 12:00:00,MTS-2,110.0,15.4,90.1,67.09459686279297,Extremely Severe Cyclonic Storm
2013281N12098,PHAILIN,2013-10-10 15:00:00,FY2-E,120.0,15.5,89.9,100.0,Super Cyclonic Storm
2013281N12098,PHAILIN,2013-10-10 15:00:00,MET-7,120.0,15.5,89.9,100.0,Super Cyclonic Storm
2013281N12098,PHAILIN,2013-10-10 15:00:00,MTS-2,120.0,15.5,89.9,81.29969787597656,Super Cyclonic Storm
2013281N12098,PHAILIN,2013-10-10 18:00:00,MET-7,130.0,15.6,89.5,100.0,Super Cyclonic Storm
2013281N12098,PHAILIN,2013-10-10 18:00:00,MTS-2,130.0,15.6,89.5,79.02369689941406,Super Cyclonic Storm
2013281N12098,PHAILIN,2013-10-10 21:00:00,FY2-E,133.0,15.6,89.0,99.58110046386719,Super Cyclonic Storm
2013281N12098,PHAILIN,2013-10-10 21:00:00,MET-7,133.0,15.6,89.0,96.33519744873047,Super Cyclonic Storm
2013281N12098,PHAILIN,2013-10-10 21:00:00,MTS-2,133.0,15.6,89.0,66.88639831542969,Super Cyclonic Storm
2013281N12098,PHAILIN,2013-10-11 00:00:00,FY2-E,135.0,15.9,88.6,99.3550033569336,Super Cyclonic Storm
2013281N12098,PHAILIN,2013-10-11 00:00:00,MET-7,135.0,15.9,88.6,100.0,Super Cyclonic Storm
2013281N12098,PHAILIN,2013-10-11 00:00:00,MTS-2,135.0,15.9,88.6,60.56850051879883,Super Cyclonic Storm
2013281N12098,PHAILIN,2013-10-11 03:00:00,FY2-E,135.0,15.9,88.5,88.78340148925781,Super Cyclonic Storm
2013281N12098,PHAILIN,2013-10-11 03:00:00,MET-7,135.0,15.9,88.5,98.40550231933594,Super Cyclonic Storm
2013281N12098,PHAILIN,2013-10-11 03:00:00,MTS-2,135.0,15.9,88.5,50.38650131225586,Super Cyclonic Storm
2013281N12098,PHAILIN,2013-10-11 06:00:00,FY2-E,135.0,16.2,88.3,64.0656967163086,Super Cyclonic Storm
2013281N12098,PHAILIN,2013-10-11 06:00:00,MET-7,135.0,16.2,88.3,77.79219818115234,Super Cyclonic Storm
2013281N12098,PHAILIN,2013-10-11 06:00:00,MTS-2,135.0,16.2,88.3,9.489100456237793,Super Cyclonic Storm
2013281N12098,PHAILIN,2013-10-11 09:00:00,FY2-E,138.0,16.5,88.0,9.016200065612793,Super Cyclonic Storm
2013281N12098,PHAILIN,2013-10-11 09:00:00,MET-7,138.0,16.5,88.0,59.92369842529297,Super Cyclonic Storm
2013281N12098,PHAILIN,2013-10-11 09:00:00,MTS-2,138.0,16.5,88.0,0.2895900011062622,Super Cyclonic Storm
2013281N12098,PHAILIN,2013-10-11 12:00:00,FY2-E,140.0,16.8,87.7,61.126399993896484,Super Cyclonic Storm
2013281N12098,PHAILIN,2013-10-11 12:00:00,MET-7,140.0,16.8,87.7,69.92060089111328,Super Cyclonic Storm
2013281N12098,PHAILIN,2013-10-11 12:00:00,MTS-2,140.0,16.8,87.7,35.05110168457031,Super Cyclonic Storm
2013281N12098,PHAILIN,2013-10-11 15:00:00,FY2-E,140.0,16.8,87.3,100.0,Super Cyclonic Storm
2013281N12098,PHAILIN,2013-10-11 15:00:00,MET-7,140.0,16.8,87.3,100.0,Super Cyclonic Storm
2013281N12098,PHAILIN,2013-10-11 15:00:00,MTS-2,140.0,16.8,87.3,73.83480072021484,Super Cyclonic Storm
2013281N12098,PHAILIN,2013-10-11 18:00:00,MET-7,140.0,16.9,87.0,100.0,Super Cyclonic Storm
2013281N12098,PHAILIN,2013-10-11 18:00:00,MTS-2,140.0,16.9,87.0,68.62590026855469,Super Cyclonic Storm
2013281N12098,PHAILIN,2013-10-11 21:00:00,FY2-E,140.0,17.1,86.7,100.0,Super Cyclonic Storm
2013281N12098,PHAILIN,2013-10-11 21:00:00,MET-7,140.0,17.1,86.7,100.0,Super Cyclonic Storm
2013281N12098,PHAILIN,2013-10-11 21:00:00,MTS-2,140.0,17.1,86.7,80.11620330810547,Super Cyclonic Storm
2013281N12098,PHAILIN,2013-10-12 00:00:00,FY2-E,140.0,17.5,86.5,100.0,Super Cyclonic Storm
2013281N12098,PHAILIN,2013-10-12 00:00:00,MET-7,140.0,17.5,86.5,100.0,Super Cyclonic Storm
2013281N12098,PHAILIN,2013-10-12 00:00:00,MTS-2,140.0,17.5,86.5,72.39900207519531,Super Cyclonic Storm
2013281N12098,PHAILIN,2013-10-12 03:00:00,FY2-E,138.0,17.7,86.0,97.8812026977539,Super Cyclonic Storm
2013281N12098,PHAILIN,2013-10-12 03:00:00,MET-7,138.0,17.7,86.0,100.0,Super Cyclonic Storm
2013281N12098,PHAILIN,2013-10-12 03:00:00,MTS-2,138.0,17.7,86.0,49.81629943847656,Super Cyclonic Storm
2013281N12098,PHAILIN,2013-10-12 06:00:00,FY2-E,135.0,18.1,85.8,99.11360168457031,Super Cyclonic Storm
2013281N12098,PHAILIN,2013-10-12 06:00:00,MET-7,135.0,18.1,85.8,100.0,Super Cyclonic Storm
2013281N12098,PHAILIN,2013-10-12 06:00:00,MTS-2,135.0,18.1,85.8,64.82530212402344,Super Cyclonic Storm
2013281N12098,PHAILIN,2013-10-12 09:00:00,FY2-E,130.0,18.5,85.4,53.14950180053711,Super Cyclonic Storm
2013281N12098,PHAILIN,2013-10-12 09:00:00,MET-7,130.0,18.5,85.4,48.75699996948242,Super Cyclonic Storm
2013281N12098,PHAILIN,2013-10-12 09:00:00,MTS-2,130.0,18.5,85.4,6.178299903869629,Super Cyclonic Storm
2013281N12098,PHAILIN,2013-10-12 12:00:00,FY2-E,125.0,18.7,85.2,-0.17910000681877136,Super Cyclonic Storm
2013281N12098,PHAILIN,2013-10-12 12:00:00,MET-7,125.0,18.7,85.2,-0.21252000331878662,Super Cyclonic Storm
2013281N12098,PHAILIN,2013-10-12 12:00:00,MTS-2,125.0,18.7,85.2,2.290600061416626,Super Cyclonic Storm
2013281N12098,PHAILIN,2013-10-12 15:00:00,FY2-E,113.0,19.1,85.1,4.471099853515625,Extremely Severe Cyclonic Storm
2013281N12098,PHAILIN,2013-10-12 15:00:00,MET-7,113.0,19.1,85.1,-0.15727999806404114,Extremely Severe Cyclonic Storm
2013281N12098,PHAILIN,2013-10-12 15:00:00,MTS-2,113.0,19.1,85.1,18.33099937438965,Extremely Severe Cyclonic Storm
2013281N12098,PHAILIN,2013-10-12 18:00:00,MET-7,100.0,19.5,84.9,-0.6231099963188171,Extremely Severe Cyclonic Storm
2013281N12098,PHAILIN,2013-10-12 18:00:00,MTS-2,100.0,19.5,84.9,-0.2513599991798401,Extremely Severe Cyclonic Storm
2013281N12098,PHAILIN,2013-10-12 21:00:00,FY2-E,88.0,19.9,84.6,-1.8653000593185425,Very Severe Cyclonic Storm
2013281N12098,PHAILIN,2013-10-12 21:00:00,MET-7,88.0,19.9,84.6,-2.9772000312805176,Very Severe Cyclonic Storm
2013281N12098,PHAILIN,2013-10-12 21:00:00,MTS-2,88.0,19.9,84.6,-0.9373000264167786,Very Severe Cyclonic Storm
2013281N12098,PHAILIN,2013-10-13 00:00:00,FY2-E,75.0,20.4,84.5,3.5748000144958496,Very Severe Cyclonic Storm
2013281N12098,PHAILIN,2013-10-13 00:00:00,MET-7,75.0,20.4,84.5,0.26495999097824097,Very Severe Cyclonic Storm
2013281N12098,PHAILIN,2013-10-13 00:00:00,MTS-2,75.0,20.4,84.5,-0.19083000719547272,Very Severe Cyclonic Storm
2013281N12098,PHAILIN,2013-10-13 03:00:00,FY2-E,63.0,20.9,84.1,7.260000228881836,Severe Cyclonic Storm
2013281N12098,PHAILIN,2013-10-13 03:00:00,MET-7,63.0,20.9,84.1,10.452899932861328,Severe Cyclonic Storm
2013281N12098,PHAILIN,2013-10-13 03:00:00,MTS-2,63.0,20.9,84.1,0.5382099747657776,Severe Cyclonic Storm
2013281N12098,PHAILIN,2013-10-13 06:00:00,FY2-E,50.0,21.5,84.0,,Severe Cyclonic Storm
2013281N12098,PHAILIN,2013-10-13 06:00:00,MET-7,50.0,21.5,84.0,0.6454200148582458,Severe Cyclonic Storm
2013281N12098,PHAILIN,2013-10-13 06:00:00,MTS-2,50.0,21.5,84.0,0.6181700229644775,Severe Cyclonic Storm
2013281N12098,PHAILIN,2013-10-13 09:00:00,FY2-E,45.0,22.0,83.9,7.276400089263916,Cyclonic Storm
2013281N12098,PHAILIN,2013-10-13 09:00:00,MET-7,45.0,22.0,83.9,5.3302998542785645,Cyclonic Storm
2013281N12098,PHAILIN,2013-10-13 09:00:00,MTS-2,45.0,22.0,83.9,2.2578001022338867,Cyclonic Storm
2013281N12098,PHAILIN,2013-10-13 12:00:00,FY2-E,40.0,22.6,83.9,,Cyclonic Storm
2013281N12098,PHAILIN,2013-10-13 12:00:00,MET-7,40.0,22.6,83.9,9.208399772644043,Cyclonic Storm
2013281N12098,PHAILIN,2013-10-13 12:00:00,MTS-2,40.0,22.6,83.9,,Cyclonic Storm
2013281N12098,PHAILIN,2013-10-13 15:00:00,FY2-E,35.0,22.8,83.7,13.033100128173828,Cyclonic Storm
2013281N12098,PHAILIN,2013-10-13 15:00:00,MET-7,35.0,22.8,83.7,15.375300407409668,Cyclonic Storm
2013281N12098,PHAILIN,2013-10-13 15:00:00,MTS-2,35.0,22.8,83.7,1.5008000135421753,Cyclonic Storm
2013281N12098,PHAILIN,2013-10-13 18:00:00,MET-7,30.0,23.0,83.5,,Deep Depression
2013281N12098,PHAILIN,2013-10-13 18:00:00,MTS-2,30.0,23.0,83.5,4.01170015335083,Deep Depression
2013281N12098,PHAILIN,2013-10-13 21:00:00,FY2-E,30.0,23.25,83.75,6.707499980926514,Deep Depression
2013281N12098,PHAILIN,2013-10-13 21:00:00,MET-7,30.0,23.25,83.75,1.8240000009536743,Deep Depression
2013281N12098,PHAILIN,2013-10-13 21:00:00,MTS-2,30.0,23.25,83.75,2.18179988861084,Deep Depression
2013281N12098,PHAILIN,2013-10-14 00:00:00,FY2-E,30.0,23.5,84.0,2.5927000045776367,Deep Depression
2013281N12098,PHAILIN,2013-10-14 00:00:00,MET-7,30.0,23.5,84.0,1.2445000410079956,Deep Depression
2013281N12098,PHAILIN,2013-10-14 00:00:00,MTS-2,30.0,23.5,84.0,3.562299966812134,Deep Depression
2013281N12098,PHAILIN,2013-10-14 03:00:00,FY2-E,27.5,24.0,84.1,,Depression
2013281N12098,PHAILIN,2013-10-14 03:00:00,MET-7,27.5,24.0,84.1,0.5669000148773193,Depression
2013281N12098,PHAILIN,2013-10-14 03:00:00,MTS-2,27.5,24.0,84.1,1.1162999868392944,Depression
2013281N12098,PHAILIN,2013-10-14 06:00:00,FY2-E,25.0,24.5,84.2,,Depression
2013281N12098,PHAILIN,2013-10-14 06:00:00,MET-7,25.0,24.5,84.2,,Depression
2013281N12098,PHAILIN,2013-10-14 06:00:00,MTS-2,25.0,24.5,84.2,,Depression
2014281N10091,HUDHUD,2014-10-07 06:00:00,INSAT-3D,25.5,11.50,95.00,,Depression
2014281N10091,HUDHUD,2014-10-07 06:00:00,MET-7,25.0,11.50,95.00,,Depression
2014281N10091,HUDHUD,2014-10-07 06:00:00,FY2-E,24.5,11.50,95.00,,Depression
2014281N10091,HUDHUD,2014-10-07 09:00:00,INSAT-3D,26.8,11.60,94.69,,Depression
2014281N10091,HUDHUD,2014-10-07 09:00:00,MET-7,26.2,11.60,94.69,,Depression
2014281N10091,HUDHUD,2014-10-07 09:00:00,FY2-E,25.8,11.60,94.69,,Depression
2014281N10091,HUDHUD,2014-10-07 12:00:00,INSAT-3D,28.0,11.70,94.38,,Depression
2014281N10091,HUDHUD,2014-10-07 12:00:00,MET-7,27.5,11.70,94.38,,Depression
2014281N10091,HUDHUD,2014-10-07 12:00:00,FY2-E,27.0,11.70,94.38,,Depression
2014281N10091,HUDHUD,2014-10-07 15:00:00,INSAT-3D,29.2,11.80,94.06,,Deep Depression
2014281N10091,HUDHUD,2014-10-07 15:00:00,MET-7,28.8,11.80,94.06,,Deep Depression
2014281N10091,HUDHUD,2014-10-07 15:00:00,FY2-E,28.2,11.80,94.06,,Deep Depression
2014281N10091,HUDHUD,2014-10-07 18:00:00,INSAT-3D,30.5,11.90,93.75,,Deep Depression
2014281N10091,HUDHUD,2014-10-07 18:00:00,MET-7,30.0,11.90,93.75,,Deep Depression
2014281N10091,HUDHUD,2014-10-07 18:00:00,FY2-E,29.5,11.90,93.75,,Deep Depression
2014281N10091,HUDHUD,2014-10-07 21:00:00,INSAT-3D,31.8,12.00,93.44,,Deep Depression
2014281N10091,HUDHUD,2014-10-07 21:00:00,MET-7,31.2,12.00,93.44,,Deep Depression
2014281N10091,HUDHUD,2014-10-07 21:00:00,FY2-E,30.8,12.00,93.44,,Deep Depression
2014281N10091,HUDHUD,2014-10-08 00:00:00,INSAT-3D,33.0,12.10,93.12,,Deep Depression
2014281N10091,HUDHUD,2014-10-08 00:00:00,MET-7,32.5,12.10,93.12,,Deep Depression
2014281N10091,HUDHUD,2014-10-08 00:00:00,FY2-E,32.0,12.10,93.12,,Deep Depression
2014281N10091,HUDHUD,2014-10-08 03:00:00,INSAT-3D,34.2,12.20,92.81,,Deep Depression
2014281N10091,HUDHUD,2014-10-08 03:00:00,MET-7,33.8,12.20,92.81,,Deep Depression
2014281N10091,HUDHUD,2014-10-08 03:00:00,FY2-E,33.2,12.20,92.81,,Deep Depression
2014281N10091,HUDHUD,2014-10-08 06:00:00,INSAT-3D,35.5,12.30,92.50,,Cyclonic Storm
2014281N10091,HUDHUD,2014-10-08 06:00:00,MET-7,35.0,12.30,92.50,,Cyclonic Storm
2014281N10091,HUDHUD,2014-10-08 06:00:00,FY2-E,34.5,12.30,92.50,,Cyclonic Storm
2014281N10091,HUDHUD,2014-10-08 09:00:00,INSAT-3D,38.0,12.49,92.04,,Cyclonic Storm
2014281N10091,HUDHUD,2014-10-08 09:00:00,MET-7,37.5,12.49,92.04,,Cyclonic Storm
2014281N10091,HUDHUD,2014-10-08 09:00:00,FY2-E,37.0,12.49,92.04,,Cyclonic Storm
2014281N10091,HUDHUD,2014-10-08 12:00:00,INSAT-3D,40.5,12.68,91.58,,Cyclonic Storm
2014281N10091,HUDHUD,2014-10-08 12:00:00,MET-7,40.0,12.68,91.58,,Cyclonic Storm
2014281N10091,HUDHUD,2014-10-08 12:00:00,FY2-E,39.5,12.68,91.58,,Cyclonic Storm
2014281N10091,HUDHUD,2014-10-08 15:00:00,INSAT-3D,43.0,12.86,91.11,,Cyclonic Storm
2014281N10091,HUDHUD,2014-10-08 15:00:00,MET-7,42.5,12.86,91.11,,Cyclonic Storm
2014281N10091,HUDHUD,2014-10-08 15:00:00,FY2-E,42.0,12.86,91.11,,Cyclonic Storm
2014281N10091,HUDHUD,2014-10-08 18:00:00,INSAT-3D,45.5,13.05,90.65,,Cyclonic Storm
2014281N10091,HUDHUD,2014-10-08 18:00:00,MET-7,45.0,13.05,90.65,,Cyclonic Storm
2014281N10091,HUDHUD,2014-10-08 18:00:00,FY2-E,44.5,13.05,90.65,,Cyclonic Storm
2014281N10091,HUDHUD,2014-10-08 21:00:00,INSAT-3D,48.0,13.24,90.19,0.25,Cyclonic Storm
2014281N10091,HUDHUD,2014-10-08 21:00:00,MET-7,47.5,13.24,90.19,0.25,Cyclonic Storm
2014281N10091,HUDHUD,2014-10-08 21:00:00,FY2-E,47.0,13.24,90.19,0.25,Cyclonic Storm
2014281N10091,HUDHUD,2014-10-09 00:00:00,INSAT-3D,50.5,13.43,89.72,0.25,Severe Cyclonic Storm
2014281N10091,HUDHUD,2014-10-09 00:00:00,MET-7,50.0,13.43,89.72,0.25,Severe Cyclonic Storm
2014281N10091,HUDHUD,2014-10-09 00:00:00,FY2-E,49.5,13.43,89.72,0.25,Severe Cyclonic Storm
2014281N10091,HUDHUD,2014-10-09 03:00:00,INSAT-3D,53.0,13.61,89.26,0.25,Severe Cyclonic Storm
2014281N10091,HUDHUD,2014-10-09 03:00:00,MET-7,52.5,13.61,89.26,0.25,Severe Cyclonic Storm
2014281N10091,HUDHUD,2014-10-09 03:00:00,FY2-E,52.0,13.61,89.26,0.25,Severe Cyclonic Storm
2014281N10091,HUDHUD,2014-10-09 06:00:00,INSAT-3D,55.5,13.80,88.80,0.25,Severe Cyclonic Storm
2014281N10091,HUDHUD,2014-10-09 06:00:00,MET-7,55.0,13.80,88.80,0.25,Severe Cyclonic Storm
2014281N10091,HUDHUD,2014-10-09 06:00:00,FY2-E,54.5,13.80,88.80,0.25,Severe Cyclonic Storm
2014281N10091,HUDHUD,2014-10-09 09:00:00,INSAT-3D,59.9,14.03,88.39,0.25,Severe Cyclonic Storm
2014281N10091,HUDHUD,2014-10-09 09:00:00,MET-7,59.4,14.03,88.39,0.25,Severe Cyclonic Storm
2014281N10091,HUDHUD,2014-10-09 09:00:00,FY2-E,58.9,14.03,88.39,0.25,Severe Cyclonic Storm
2014281N10091,HUDHUD,2014-10-09 12:00:00,INSAT-3D,64.2,14.25,87.97,0.25,Severe Cyclonic Storm
2014281N10091,HUDHUD,2014-10-09 12:00:00,MET-7,63.8,14.25,87.97,0.25,Severe Cyclonic Storm
2014281N10091,HUDHUD,2014-10-09 12:00:00,FY2-E,63.2,14.25,87.97,0.25,Severe Cyclonic Storm
2014281N10091,HUDHUD,2014-10-09 15:00:00,INSAT-3D,68.6,14.47,87.56,0.25,Very Severe Cyclonic Storm
2014281N10091,HUDHUD,2014-10-09 15:00:00,MET-7,68.1,14.47,87.56,0.25,Very Severe Cyclonic Storm
2014281N10091,HUDHUD,2014-10-09 15:00:00,FY2-E,67.6,14.47,87.56,0.25,Very Severe Cyclonic Storm
2014281N10091,HUDHUD,2014-10-09 18:00:00,INSAT-3D,73.0,14.70,87.15,0.25,Very Severe Cyclonic Storm
2014281N10091,HUDHUD,2014-10-09 18:00:00,MET-7,72.5,14.70,87.15,0.25,Very Severe Cyclonic Storm
2014281N10091,HUDHUD,2014-10-09 18:00:00,FY2-E,72.0,14.70,87.15,0.25,Very Severe Cyclonic Storm
2014281N10091,HUDHUD,2014-10-09 21:00:00,INSAT-3D,77.4,14.93,86.74,0.25,Very Severe Cyclonic Storm
2014281N10091,HUDHUD,2014-10-09 21:00:00,MET-7,76.9,14.93,86.74,0.25,Very Severe Cyclonic Storm
2014281N10091,HUDHUD,2014-10-09 21:00:00,FY2-E,76.4,14.93,86.74,0.25,Very Severe Cyclonic Storm
2014281N10091,HUDHUD,2014-10-10 00:00:00,INSAT-3D,81.8,15.15,86.33,0.25,Very Severe Cyclonic Storm
2014281N10091,HUDHUD,2014-10-10 00:00:00,MET-7,81.2,15.15,86.33,0.25,Very Severe Cyclonic Storm
2014281N10091,HUDHUD,2014-10-10 00:00:00,FY2-E,80.8,15.15,86.33,0.25,Very Severe Cyclonic Storm
2014281N10091,HUDHUD,2014-10-10 03:00:00,INSAT-3D,86.1,15.38,85.91,0.25,Very Severe Cyclonic Storm
2014281N10091,HUDHUD,2014-10-10 03:00:00,MET-7,85.6,15.38,85.91,0.25,Very Severe Cyclonic Storm
2014281N10091,HUDHUD,2014-10-10 03:00:00,FY2-E,85.1,15.38,85.91,0.25,Very Severe Cyclonic Storm
2014281N10091,HUDHUD,2014-10-10 06:00:00,INSAT-3D,90.5,15.60,85.50,0.85,Extremely Severe Cyclonic Storm
2014281N10091,HUDHUD,2014-10-10 06:00:00,MET-7,90.0,15.60,85.50,0.85,Extremely Severe Cyclonic Storm
2014281N10091,HUDHUD,2014-10-10 06:00:00,FY2-E,89.5,15.60,85.50,0.85,Extremely Severe Cyclonic Storm
2014281N10091,HUDHUD,2014-10-10 09:00:00,INSAT-3D,93.6,15.82,85.22,0.85,Extremely Severe Cyclonic Storm
2014281N10091,HUDHUD,2014-10-10 09:00:00,MET-7,93.1,15.82,85.22,0.85,Extremely Severe Cyclonic Storm
2014281N10091,HUDHUD,2014-10-10 09:00:00,FY2-E,92.6,15.82,85.22,0.85,Extremely Severe Cyclonic Storm
2014281N10091,HUDHUD,2014-10-10 12:00:00,INSAT-3D,96.8,16.05,84.95,0.85,Extremely Severe Cyclonic Storm
2014281N10091,HUDHUD,2014-10-10 12:00:00,MET-7,96.2,16.05,84.95,0.85,Extremely Severe Cyclonic Storm
2014281N10091,HUDHUD,2014-10-10 12:00:00,FY2-E,95.8,16.05,84.95,0.85,Extremely Severe Cyclonic Storm
2014281N10091,HUDHUD,2014-10-10 15:00:00,INSAT-3D,99.9,16.27,84.67,0.85,Extremely Severe Cyclonic Storm
2014281N10091,HUDHUD,2014-10-10 15:00:00,MET-7,99.4,16.27,84.67,0.85,Extremely Severe Cyclonic Storm
2014281N10091,HUDHUD,2014-10-10 15:00:00,FY2-E,98.9,16.27,84.67,0.85,Extremely Severe Cyclonic Storm
2014281N10091,HUDHUD,2014-10-10 18:00:00,INSAT-3D,103.0,16.50,84.40,0.85,Extremely Severe Cyclonic Storm
2014281N10091,HUDHUD,2014-10-10 18:00:00,MET-7,102.5,16.50,84.40,0.85,Extremely Severe Cyclonic Storm
2014281N10091,HUDHUD,2014-10-10 18:00:00,FY2-E,102.0,16.50,84.40,0.85,Extremely Severe Cyclonic Storm
2014281N10091,HUDHUD,2014-10-10 21:00:00,INSAT-3D,106.1,16.72,84.12,0.85,Extremely Severe Cyclonic Storm
2014281N10091,HUDHUD,2014-10-10 21:00:00,MET-7,105.6,16.72,84.12,0.85,Extremely Severe Cyclonic Storm
2014281N10091,HUDHUD,2014-10-10 21:00:00,FY2-E,105.1,16.72,84.12,0.85,Extremely Severe Cyclonic Storm
2014281N10091,HUDHUD,2014-10-11 00:00:00,INSAT-3D,109.2,16.95,83.85,0.85,Extremely Severe Cyclonic Storm
2014281N10091,HUDHUD,2014-10-11 00:00:00,MET-7,108.8,16.95,83.85,0.85,Extremely Severe Cyclonic Storm
2014281N10091,HUDHUD,2014-10-11 00:00:00,FY2-E,108.2,16.95,83.85,0.85,Extremely Severe Cyclonic Storm
2014281N10091,HUDHUD,2014-10-11 03:00:00,INSAT-3D,112.4,17.17,83.58,0.85,Extremely Severe Cyclonic Storm
2014281N10091,HUDHUD,2014-10-11 03:00:00,MET-7,111.9,17.17,83.58,0.85,Extremely Severe Cyclonic Storm
2014281N10091,HUDHUD,2014-10-11 03:00:00,FY2-E,111.4,17.17,83.58,0.85,Extremely Severe Cyclonic Storm
2014281N10091,HUDHUD,2014-10-11 06:00:00,INSAT-3D,115.5,17.40,83.30,0.98,Extremely Severe Cyclonic Storm
2014281N10091,HUDHUD,2014-10-11 06:00:00,MET-7,115.0,17.40,83.30,0.98,Extremely Severe Cyclonic Storm
2014281N10091,HUDHUD,2014-10-11 06:00:00,FY2-E,114.5,17.40,83.30,0.98,Extremely Severe Cyclonic Storm
2014281N10091,HUDHUD,2014-10-11 09:00:00,INSAT-3D,107.4,17.66,83.04,0.98,Extremely Severe Cyclonic Storm
2014281N10091,HUDHUD,2014-10-11 09:00:00,MET-7,106.9,17.66,83.04,0.98,Extremely Severe Cyclonic Storm
2014281N10091,HUDHUD,2014-10-11 09:00:00,FY2-E,106.4,17.66,83.04,0.98,Extremely Severe Cyclonic Storm
2014281N10091,HUDHUD,2014-10-11 12:00:00,INSAT-3D,99.2,17.92,82.78,0.98,Extremely Severe Cyclonic Storm
2014281N10091,HUDHUD,2014-10-11 12:00:00,MET-7,98.8,17.92,82.78,0.98,Extremely Severe Cyclonic Storm
2014281N10091,HUDHUD,2014-10-11 12:00:00,FY2-E,98.2,17.92,82.78,0.98,Extremely Severe Cyclonic Storm
2014281N10091,HUDHUD,2014-10-11 15:00:00,INSAT-3D,91.1,18.19,82.51,0.98,Extremely Severe Cyclonic Storm
2014281N10091,HUDHUD,2014-10-11 15:00:00,MET-7,90.6,18.19,82.51,0.98,Extremely Severe Cyclonic Storm
2014281N10091,HUDHUD,2014-10-11 15:00:00,FY2-E,90.1,18.19,82.51,0.98,Extremely Severe Cyclonic Storm
2014281N10091,HUDHUD,2014-10-11 18:00:00,INSAT-3D,83.0,18.45,82.25,0.98,Very Severe Cyclonic Storm
2014281N10091,HUDHUD,2014-10-11 18:00:00,MET-7,82.5,18.45,82.25,0.98,Very Severe Cyclonic Storm
2014281N10091,HUDHUD,2014-10-11 18:00:00,FY2-E,82.0,18.45,82.25,0.98,Very Severe Cyclonic Storm
2014281N10091,HUDHUD,2014-10-11 21:00:00,INSAT-3D,74.9,18.71,81.99,0.98,Very Severe Cyclonic Storm
2014281N10091,HUDHUD,2014-10-11 21:00:00,MET-7,74.4,18.71,81.99,0.98,Very Severe Cyclonic Storm
2014281N10091,HUDHUD,2014-10-11 21:00:00,FY2-E,73.9,18.71,81.99,0.98,Very Severe Cyclonic Storm
2014281N10091,HUDHUD,2014-10-12 00:00:00,INSAT-3D,66.8,18.98,81.72,0.98,Very Severe Cyclonic Storm
2014281N10091,HUDHUD,2014-10-12 00:00:00,MET-7,66.2,18.98,81.72,0.98,Very Severe Cyclonic Storm
2014281N10091,HUDHUD,2014-10-12 00:00:00,FY2-E,65.8,18.98,81.72,0.98,Very Severe Cyclonic Storm
2014281N10091,HUDHUD,2014-10-12 03:00:00,INSAT-3D,58.6,19.24,81.46,0.98,Severe Cyclonic Storm
2014281N10091,HUDHUD,2014-10-12 03:00:00,MET-7,58.1,19.24,81.46,0.98,Severe Cyclonic Storm
2014281N10091,HUDHUD,2014-10-12 03:00:00,FY2-E,57.6,19.24,81.46,0.98,Severe Cyclonic Storm
2014281N10091,HUDHUD,2014-10-12 06:00:00,INSAT-3D,50.5,19.50,81.20,0.10,Severe Cyclonic Storm
2014281N10091,HUDHUD,2014-10-12 06:00:00,MET-7,50.0,19.50,81.20,0.10,Severe Cyclonic Storm
2014281N10091,HUDHUD,2014-10-12 06:00:00,FY2-E,49.5,19.50,81.20,0.10,Severe Cyclonic Storm
2014281N10091,HUDHUD,2014-10-12 09:00:00,INSAT-3D,47.4,19.81,81.11,0.10,Cyclonic Storm
2014281N10091,HUDHUD,2014-10-12 09:00:00,MET-7,46.9,19.81,81.11,0.10,Cyclonic Storm
2014281N10091,HUDHUD,2014-10-12 09:00:00,FY2-E,46.4,19.81,81.11,0.10,Cyclonic Storm
2014281N10091,HUDHUD,2014-10-12 12:00:00,INSAT-3D,44.2,20.12,81.03,0.10,Cyclonic Storm
2014281N10091,HUDHUD,2014-10-12 12:00:00,MET-7,43.8,20.12,81.03,0.10,Cyclonic Storm
2014281N10091,HUDHUD,2014-10-12 12:00:00,FY2-E,43.2,20.12,81.03,0.10,Cyclonic Storm
2014281N10091,HUDHUD,2014-10-12 15:00:00,INSAT-3D,41.1,20.44,80.94,0.10,Cyclonic Storm
2014281N10091,HUDHUD,2014-10-12 15:00:00,MET-7,40.6,20.44,80.94,0.10,Cyclonic Storm
2014281N10091,HUDHUD,2014-10-12 15:00:00,FY2-E,40.1,20.44,80.94,0.10,Cyclonic Storm
2014281N10091,HUDHUD,2014-10-12 18:00:00,INSAT-3D,38.0,20.75,80.85,0.10,Cyclonic Storm
2014281N10091,HUDHUD,2014-10-12 18:00:00,MET-7,37.5,20.75,80.85,0.10,Cyclonic Storm
2014281N10091,HUDHUD,2014-10-12 18:00:00,FY2-E,37.0,20.75,80.85,0.10,Cyclonic Storm
2014281N10091,HUDHUD,2014-10-12 21:00:00,INSAT-3D,34.9,21.06,80.76,,Cyclonic Storm
2014281N10091,HUDHUD,2014-10-12 21:00:00,MET-7,34.4,21.06,80.76,,Cyclonic Storm
2014281N10091,HUDHUD,2014-10-12 21:00:00,FY2-E,33.9,21.06,80.76,,Cyclonic Storm
2014281N10091,HUDHUD,2014-10-13 00:00:00,INSAT-3D,31.8,21.38,80.67,,Deep Depression
2014281N10091,HUDHUD,2014-10-13 00:00:00,MET-7,31.2,21.38,80.67,,Deep Depression
2014281N10091,HUDHUD,2014-10-13 00:00:00,FY2-E,30.8,21.38,80.67,,Deep Depression
2014281N10091,HUDHUD,2014-10-13 03:00:00,INSAT-3D,28.6,21.69,80.59,,Deep Depression
2014281N10091,HUDHUD,2014-10-13 03:00:00,MET-7,28.1,21.69,80.59,,Deep Depression
2014281N10091,HUDHUD,2014-10-13 03:00:00,FY2-E,27.6,21.69,80.59,,Deep Depression
2016342N10092,VARDAH,2016-12-06 00:00:00,INSAT-3D,25.5,10.20,95.50,,Depression
2016342N10092,VARDAH,2016-12-06 00:00:00,MET-7,25.0,10.20,95.50,,Depression
2016342N10092,VARDAH,2016-12-06 00:00:00,FY2-E,24.5,10.20,95.50,,Depression
2016342N10092,VARDAH,2016-12-06 03:00:00,INSAT-3D,26.8,10.32,95.04,,Depression
2016342N10092,VARDAH,2016-12-06 03:00:00,MET-7,26.2,10.32,95.04,,Depression
2016342N10092,VARDAH,2016-12-06 03:00:00,FY2-E,25.8,10.32,95.04,,Depression
2016342N10092,VARDAH,2016-12-06 06:00:00,INSAT-3D,28.0,10.45,94.58,,Depression
2016342N10092,VARDAH,2016-12-06 06:00:00,MET-7,27.5,10.45,94.58,,Depression
2016342N10092,VARDAH,2016-12-06 06:00:00,FY2-E,27.0,10.45,94.58,,Depression
2016342N10092,VARDAH,2016-12-06 09:00:00,INSAT-3D,29.2,10.57,94.11,,Deep Depression
2016342N10092,VARDAH,2016-12-06 09:00:00,MET-7,28.8,10.57,94.11,,Deep Depression
2016342N10092,VARDAH,2016-12-06 09:00:00,FY2-E,28.2,10.57,94.11,,Deep Depression
2016342N10092,VARDAH,2016-12-06 12:00:00,INSAT-3D,30.5,10.70,93.65,,Deep Depression
2016342N10092,VARDAH,2016-12-06 12:00:00,MET-7,30.0,10.70,93.65,,Deep Depression
2016342N10092,VARDAH,2016-12-06 12:00:00,FY2-E,29.5,10.70,93.65,,Deep Depression
2016342N10092,VARDAH,2016-12-06 15:00:00,INSAT-3D,31.8,10.82,93.19,,Deep Depression
2016342N10092,VARDAH,2016-12-06 15:00:00,MET-7,31.2,10.82,93.19,,Deep Depression
2016342N10092,VARDAH,2016-12-06 15:00:00,FY2-E,30.8,10.82,93.19,,Deep Depression
2016342N10092,VARDAH,2016-12-06 18:00:00,INSAT-3D,33.0,10.95,92.72,,Deep Depression
2016342N10092,VARDAH,2016-12-06 18:00:00,MET-7,32.5,10.95,92.72,,Deep Depression
2016342N10092,VARDAH,2016-12-06 18:00:00,FY2-E,32.0,10.95,92.72,,Deep Depression
2016342N10092,VARDAH,2016-12-06 21:00:00,INSAT-3D,34.2,11.07,92.26,,Deep Depression
2016342N10092,VARDAH,2016-12-06 21:00:00,MET-7,33.8,11.07,92.26,,Deep Depression
2016342N10092,VARDAH,2016-12-06 21:00:00,FY2-E,33.2,11.07,92.26,,Deep Depression
2016342N10092,VARDAH,2016-12-07 00:00:00,INSAT-3D,35.5,11.20,91.80,,Cyclonic Storm
2016342N10092,VARDAH,2016-12-07 00:00:00,MET-7,35.0,11.20,91.80,,Cyclonic Storm
2016342N10092,VARDAH,2016-12-07 00:00:00,FY2-E,34.5,11.20,91.80,,Cyclonic Storm
2016342N10092,VARDAH,2016-12-07 03:00:00,INSAT-3D,37.4,11.34,91.26,,Cyclonic Storm
2016342N10092,VARDAH,2016-12-07 03:00:00,MET-7,36.9,11.34,91.26,,Cyclonic Storm
2016342N10092,VARDAH,2016-12-07 03:00:00,FY2-E,36.4,11.34,91.26,,Cyclonic Storm
2016342N10092,VARDAH,2016-12-07 06:00:00,INSAT-3D,39.2,11.47,90.72,,Cyclonic Storm
2016342N10092,VARDAH,2016-12-07 06:00:00,MET-7,38.8,11.47,90.72,,Cyclonic Storm
2016342N10092,VARDAH,2016-12-07 06:00:00,FY2-E,38.2,11.47,90.72,,Cyclonic Storm
2016342N10092,VARDAH,2016-12-07 09:00:00,INSAT-3D,41.1,11.61,90.19,,Cyclonic Storm
2016342N10092,VARDAH,2016-12-07 09:00:00,MET-7,40.6,11.61,90.19,,Cyclonic Storm
2016342N10092,VARDAH,2016-12-07 09:00:00,FY2-E,40.1,11.61,90.19,,Cyclonic Storm
2016342N10092,VARDAH,2016-12-07 12:00:00,INSAT-3D,43.0,11.75,89.65,,Cyclonic Storm
2016342N10092,VARDAH,2016-12-07 12:00:00,MET-7,42.5,11.75,89.65,,Cyclonic Storm
2016342N10092,VARDAH,2016-12-07 12:00:00,FY2-E,42.0,11.75,89.65,,Cyclonic Storm
2016342N10092,VARDAH,2016-12-07 15:00:00,INSAT-3D,44.9,11.89,89.11,0.20,Cyclonic Storm
2016342N10092,VARDAH,2016-12-07 15:00:00,MET-7,44.4,11.89,89.11,0.20,Cyclonic Storm
2016342N10092,VARDAH,2016-12-07 15:00:00,FY2-E,43.9,11.89,89.11,0.20,Cyclonic Storm
2016342N10092,VARDAH,2016-12-07 18:00:00,INSAT-3D,46.8,12.03,88.58,0.20,Cyclonic Storm
2016342N10092,VARDAH,2016-12-07 18:00:00,MET-7,46.2,12.03,88.58,0.20,Cyclonic Storm
2016342N10092,VARDAH,2016-12-07 18:00:00,FY2-E,45.8,12.03,88.58,0.20,Cyclonic Storm
2016342N10092,VARDAH,2016-12-07 21:00:00,INSAT-3D,48.6,12.16,88.04,0.20,Severe Cyclonic Storm
2016342N10092,VARDAH,2016-12-07 21:00:00,MET-7,48.1,12.16,88.04,0.20,Severe Cyclonic Storm
2016342N10092,VARDAH,2016-12-07 21:00:00,FY2-E,47.6,12.16,88.04,0.20,Severe Cyclonic Storm
2016342N10092,VARDAH,2016-12-08 00:00:00,INSAT-3D,50.5,12.30,87.50,0.20,Severe Cyclonic Storm
2016342N10092,VARDAH,2016-12-08 00:00:00,MET-7,50.0,12.30,87.50,0.20,Severe Cyclonic Storm
2016342N10092,VARDAH,2016-12-08 00:00:00,FY2-E,49.5,12.30,87.50,0.20,Severe Cyclonic Storm
2016342N10092,VARDAH,2016-12-08 03:00:00,INSAT-3D,53.0,12.40,87.00,0.20,Severe Cyclonic Storm
2016342N10092,VARDAH,2016-12-08 03:00:00,MET-7,52.5,12.40,87.00,0.20,Severe Cyclonic Storm
2016342N10092,VARDAH,2016-12-08 03:00:00,FY2-E,52.0,12.40,87.00,0.20,Severe Cyclonic Storm
2016342N10092,VARDAH,2016-12-08 06:00:00,INSAT-3D,55.5,12.50,86.50,0.20,Severe Cyclonic Storm
2016342N10092,VARDAH,2016-12-08 06:00:00,MET-7,55.0,12.50,86.50,0.20,Severe Cyclonic Storm
2016342N10092,VARDAH,2016-12-08 06:00:00,FY2-E,54.5,12.50,86.50,0.20,Severe Cyclonic Storm
2016342N10092,VARDAH,2016-12-08 09:00:00,INSAT-3D,58.0,12.60,86.00,0.20,Severe Cyclonic Storm
2016342N10092,VARDAH,2016-12-08 09:00:00,MET-7,57.5,12.60,86.00,0.20,Severe Cyclonic Storm
2016342N10092,VARDAH,2016-12-08 09:00:00,FY2-E,57.0,12.60,86.00,0.20,Severe Cyclonic Storm
2016342N10092,VARDAH,2016-12-08 12:00:00,INSAT-3D,60.5,12.70,85.50,0.20,Severe Cyclonic Storm
2016342N10092,VARDAH,2016-12-08 12:00:00,MET-7,60.0,12.70,85.50,0.20,Severe Cyclonic Storm
2016342N10092,VARDAH,2016-12-08 12:00:00,FY2-E,59.5,12.70,85.50,0.20,Severe Cyclonic Storm
2016342N10092,VARDAH,2016-12-08 15:00:00,INSAT-3D,63.0,12.80,85.00,0.20,Severe Cyclonic Storm
2016342N10092,VARDAH,2016-12-08 15:00:00,MET-7,62.5,12.80,85.00,0.20,Severe Cyclonic Storm
2016342N10092,VARDAH,2016-12-08 15:00:00,FY2-E,62.0,12.80,85.00,0.20,Severe Cyclonic Storm
2016342N10092,VARDAH,2016-12-08 18:00:00,INSAT-3D,65.5,12.90,84.50,0.20,Very Severe Cyclonic Storm
2016342N10092,VARDAH,2016-12-08 18:00:00,MET-7,65.0,12.90,84.50,0.20,Very Severe Cyclonic Storm
2016342N10092,VARDAH,2016-12-08 18:00:00,FY2-E,64.5,12.90,84.50,0.20,Very Severe Cyclonic Storm
2016342N10092,VARDAH,2016-12-08 21:00:00,INSAT-3D,68.0,13.00,84.00,0.20,Very Severe Cyclonic Storm
2016342N10092,VARDAH,2016-12-08 21:00:00,MET-7,67.5,13.00,84.00,0.20,Very Severe Cyclonic Storm
2016342N10092,VARDAH,2016-12-08 21:00:00,FY2-E,67.0,13.00,84.00,0.20,Very Severe Cyclonic Storm
2016342N10092,VARDAH,2016-12-09 00:00:00,INSAT-3D,70.5,13.10,83.50,0.70,Very Severe Cyclonic Storm
2016342N10092,VARDAH,2016-12-09 00:00:00,MET-7,70.0,13.10,83.50,0.70,Very Severe Cyclonic Storm
2016342N10092,VARDAH,2016-12-09 00:00:00,FY2-E,69.5,13.10,83.50,0.70,Very Severe Cyclonic Storm
2016342N10092,VARDAH,2016-12-09 03:00:00,INSAT-3D,69.9,13.14,83.09,0.70,Very Severe Cyclonic Storm
2016342N10092,VARDAH,2016-12-09 03:00:00,MET-7,69.4,13.14,83.09,0.70,Very Severe Cyclonic Storm
2016342N10092,VARDAH,2016-12-09 03:00:00,FY2-E,68.9,13.14,83.09,0.70,Very Severe Cyclonic Storm
2016342N10092,VARDAH,2016-12-09 06:00:00,INSAT-3D,69.2,13.18,82.67,0.70,Very Severe Cyclonic Storm
2016342N10092,VARDAH,2016-12-09 06:00:00,MET-7,68.8,13.18,82.67,0.70,Very Severe Cyclonic Storm
2016342N10092,VARDAH,2016-12-09 06:00:00,FY2-E,68.2,13.18,82.67,0.70,Very Severe Cyclonic Storm
2016342N10092,VARDAH,2016-12-09 09:00:00,INSAT-3D,68.6,13.21,82.26,0.70,Very Severe Cyclonic Storm
2016342N10092,VARDAH,2016-12-09 09:00:00,MET-7,68.1,13.21,82.26,0.70,Very Severe Cyclonic Storm
2016342N10092,VARDAH,2016-12-09 09:00:00,FY2-E,67.6,13.21,82.26,0.70,Very Severe Cyclonic Storm
2016342N10092,VARDAH,2016-12-09 12:00:00,INSAT-3D,68.0,13.25,81.85,0.70,Very Severe Cyclonic Storm
2016342N10092,VARDAH,2016-12-09 12:00:00,MET-7,67.5,13.25,81.85,0.70,Very Severe Cyclonic Storm
2016342N10092,VARDAH,2016-12-09 12:00:00,FY2-E,67.0,13.25,81.85,0.70,Very Severe Cyclonic Storm
2016342N10092,VARDAH,2016-12-09 15:00:00,INSAT-3D,67.4,13.29,81.44,0.70,Very Severe Cyclonic Storm
2016342N10092,VARDAH,2016-12-09 15:00:00,MET-7,66.9,13.29,81.44,0.70,Very Severe Cyclonic Storm
2016342N10092,VARDAH,2016-12-09 15:00:00,FY2-E,66.4,13.29,81.44,0.70,Very Severe Cyclonic Storm
2016342N10092,VARDAH,2016-12-09 18:00:00,INSAT-3D,66.8,13.32,81.03,0.70,Very Severe Cyclonic Storm
2016342N10092,VARDAH,2016-12-09 18:00:00,MET-7,66.2,13.32,81.03,0.70,Very Severe Cyclonic Storm
2016342N10092,VARDAH,2016-12-09 18:00:00,FY2-E,65.8,13.32,81.03,0.70,Very Severe Cyclonic Storm
2016342N10092,VARDAH,2016-12-09 21:00:00,INSAT-3D,66.1,13.36,80.61,0.70,Very Severe Cyclonic Storm
2016342N10092,VARDAH,2016-12-09 21:00:00,MET-7,65.6,13.36,80.61,0.70,Very Severe Cyclonic Storm
2016342N10092,VARDAH,2016-12-09 21:00:00,FY2-E,65.1,13.36,80.61,0.70,Very Severe Cyclonic Storm
2016342N10092,VARDAH,2016-12-10 00:00:00,INSAT-3D,65.5,13.40,80.20,0.40,Very Severe Cyclonic Storm
2016342N10092,VARDAH,2016-12-10 00:00:00,MET-7,65.0,13.40,80.20,0.40,Very Severe Cyclonic Storm
2016342N10092,VARDAH,2016-12-10 00:00:00,FY2-E,64.5,13.40,80.20,0.40,Very Severe Cyclonic Storm
2016342N10092,VARDAH,2016-12-10 03:00:00,INSAT-3D,61.1,13.41,79.80,0.40,Severe Cyclonic Storm
2016342N10092,VARDAH,2016-12-10 03:00:00,MET-7,60.6,13.41,79.80,0.40,Severe Cyclonic Storm
2016342N10092,VARDAH,2016-12-10 03:00:00,FY2-E,60.1,13.41,79.80,0.40,Severe Cyclonic Storm
2016342N10092,VARDAH,2016-12-10 06:00:00,INSAT-3D,56.8,13.43,79.40,0.40,Severe Cyclonic Storm
2016342N10092,VARDAH,2016-12-10 06:00:00,MET-7,56.2,13.43,79.40,0.40,Severe Cyclonic Storm
2016342N10092,VARDAH,2016-12-10 06:00:00,FY2-E,55.8,13.43,79.40,0.40,Severe Cyclonic Storm
2016342N10092,VARDAH,2016-12-10 09:00:00,INSAT-3D,52.4,13.44,79.00,0.40,Severe Cyclonic Storm
2016342N10092,VARDAH,2016-12-10 09:00:00,MET-7,51.9,13.44,79.00,0.40,Severe Cyclonic Storm
2016342N10092,VARDAH,2016-12-10 09:00:00,FY2-E,51.4,13.44,79.00,0.40,Severe Cyclonic Storm
2016342N10092,VARDAH,2016-12-10 12:00:00,INSAT-3D,48.0,13.45,78.60,0.40,Cyclonic Storm
2016342N10092,VARDAH,2016-12-10 12:00:00,MET-7,47.5,13.45,78.60,0.40,Cyclonic Storm
2016342N10092,VARDAH,2016-12-10 12:00:00,FY2-E,47.0,13.45,78.60,0.40,Cyclonic Storm
2016342N10092,VARDAH,2016-12-10 15:00:00,INSAT-3D,43.6,13.46,78.20,,Cyclonic Storm
2016342N10092,VARDAH,2016-12-10 15:00:00,MET-7,43.1,13.46,78.20,,Cyclonic Storm
2016342N10092,VARDAH,2016-12-10 15:00:00,FY2-E,42.6,13.46,78.20,,Cyclonic Storm
2016342N10092,VARDAH,2016-12-10 18:00:00,INSAT-3D,39.2,13.47,77.80,,Cyclonic Storm
2016342N10092,VARDAH,2016-12-10 18:00:00,MET-7,38.8,13.47,77.80,,Cyclonic Storm
2016342N10092,VARDAH,2016-12-10 18:00:00,FY2-E,38.2,13.47,77.80,,Cyclonic Storm
2016342N10092,VARDAH,2016-12-10 21:00:00,INSAT-3D,34.9,13.49,77.40,,Cyclonic Storm
2016342N10092,VARDAH,2016-12-10 21:00:00,MET-7,34.4,13.49,77.40,,Cyclonic Storm
2016342N10092,VARDAH,2016-12-10 21:00:00,FY2-E,33.9,13.49,77.40,,Cyclonic Storm
2019117N02086,FANI,2019-04-26 06:00:00,INSAT-3D,25.5,2.70,88.70,,Depression
2019117N02086,FANI,2019-04-26 06:00:00,MET-7,25.0,2.70,88.70,,Depression
2019117N02086,FANI,2019-04-26 06:00:00,FY2-E,24.5,2.70,88.70,,Depression
2019117N02086,FANI,2019-04-26 09:00:00,INSAT-3D,26.8,3.01,88.67,,Depression
2019117N02086,FANI,2019-04-26 09:00:00,MET-7,26.2,3.01,88.67,,Depression
2019117N02086,FANI,2019-04-26 09:00:00,FY2-E,25.8,3.01,88.67,,Depression
2019117N02086,FANI,2019-04-26 12:00:00,INSAT-3D,28.0,3.33,88.65,,Depression
2019117N02086,FANI,2019-04-26 12:00:00,MET-7,27.5,3.33,88.65,,Depression
2019117N02086,FANI,2019-04-26 12:00:00,FY2-E,27.0,3.33,88.65,,Depression
2019117N02086,FANI,2019-04-26 15:00:00,INSAT-3D,29.2,3.64,88.62,,Deep Depression
2019117N02086,FANI,2019-04-26 15:00:00,MET-7,28.8,3.64,88.62,,Deep Depression
2019117N02086,FANI,2019-04-26 15:00:00,FY2-E,28.2,3.64,88.62,,Deep Depression
2019117N02086,FANI,2019-04-26 18:00:00,INSAT-3D,30.5,3.95,88.60,,Deep Depression
2019117N02086,FANI,2019-04-26 18:00:00,MET-7,30.0,3.95,88.60,,Deep Depression
2019117N02086,FANI,2019-04-26 18:00:00,FY2-E,29.5,3.95,88.60,,Deep Depression
2019117N02086,FANI,2019-04-26 21:00:00,INSAT-3D,31.8,4.26,88.58,,Deep Depression
2019117N02086,FANI,2019-04-26 21:00:00,MET-7,31.2,4.26,88.58,,Deep Depression
2019117N02086,FANI,2019-04-26 21:00:00,FY2-E,30.8,4.26,88.58,,Deep Depression
2019117N02086,FANI,2019-04-27 00:00:00,INSAT-3D,33.0,4.58,88.55,,Deep Depression
2019117N02086,FANI,2019-04-27 00:00:00,MET-7,32.5,4.58,88.55,,Deep Depression
2019117N02086,FANI,2019-04-27 00:00:00,FY2-E,32.0,4.58,88.55,,Deep Depression
2019117N02086,FANI,2019-04-27 03:00:00,INSAT-3D,34.2,4.89,88.53,,Deep Depression
2019117N02086,FANI,2019-04-27 03:00:00,MET-7,33.8,4.89,88.53,,Deep Depression
2019117N02086,FANI,2019-04-27 03:00:00,FY2-E,33.2,4.89,88.53,,Deep Depression
2019117N02086,FANI,2019-04-27 06:00:00,INSAT-3D,35.5,5.20,88.50,,Cyclonic Storm
2019117N02086,FANI,2019-04-27 06:00:00,MET-7,35.0,5.20,88.50,,Cyclonic Storm
2019117N02086,FANI,2019-04-27 06:00:00,FY2-E,34.5,5.20,88.50,,Cyclonic Storm
2019117N02086,FANI,2019-04-27 09:00:00,INSAT-3D,37.4,5.55,88.30,,Cyclonic Storm
2019117N02086,FANI,2019-04-27 09:00:00,MET-7,36.9,5.55,88.30,,Cyclonic Storm
2019117N02086,FANI,2019-04-27 09:00:00,FY2-E,36.4,5.55,88.30,,Cyclonic Storm
2019117N02086,FANI,2019-04-27 12:00:00,INSAT-3D,39.2,5.90,88.10,,Cyclonic Storm
2019117N02086,FANI,2019-04-27 12:00:00,MET-7,38.8,5.90,88.10,,Cyclonic Storm
2019117N02086,FANI,2019-04-27 12:00:00,FY2-E,38.2,5.90,88.10,,Cyclonic Storm
2019117N02086,FANI,2019-04-27 15:00:00,INSAT-3D,41.1,6.25,87.90,,Cyclonic Storm
2019117N02086,FANI,2019-04-27 15:00:00,MET-7,40.6,6.25,87.90,,Cyclonic Storm
2019117N02086,FANI,2019-04-27 15:00:00,FY2-E,40.1,6.25,87.90,,Cyclonic Storm
2019117N02086,FANI,2019-04-27 18:00:00,INSAT-3D,43.0,6.60,87.70,,Cyclonic Storm
2019117N02086,FANI,2019-04-27 18:00:00,MET-7,42.5,6.60,87.70,,Cyclonic Storm
2019117N02086,FANI,2019-04-27 18:00:00,FY2-E,42.0,6.60,87.70,,Cyclonic Storm
2019117N02086,FANI,2019-04-27 21:00:00,INSAT-3D,44.9,6.95,87.50,0.15,Cyclonic Storm
2019117N02086,FANI,2019-04-27 21:00:00,MET-7,44.4,6.95,87.50,0.15,Cyclonic Storm
2019117N02086,FANI,2019-04-27 21:00:00,FY2-E,43.9,6.95,87.50,0.15,Cyclonic Storm
2019117N02086,FANI,2019-04-28 00:00:00,INSAT-3D,46.8,7.30,87.30,0.15,Cyclonic Storm
2019117N02086,FANI,2019-04-28 00:00:00,MET-7,46.2,7.30,87.30,0.15,Cyclonic Storm
2019117N02086,FANI,2019-04-28 00:00:00,FY2-E,45.8,7.30,87.30,0.15,Cyclonic Storm
2019117N02086,FANI,2019-04-28 03:00:00,INSAT-3D,48.6,7.65,87.10,0.15,Severe Cyclonic Storm
2019117N02086,FANI,2019-04-28 03:00:00,MET-7,48.1,7.65,87.10,0.15,Severe Cyclonic Storm
2019117N02086,FANI,2019-04-28 03:00:00,FY2-E,47.6,7.65,87.10,0.15,Severe Cyclonic Storm
2019117N02086,FANI,2019-04-28 06:00:00,INSAT-3D,50.5,8.00,86.90,0.15,Severe Cyclonic Storm
2019117N02086,FANI,2019-04-28 06:00:00,MET-7,50.0,8.00,86.90,0.15,Severe Cyclonic Storm
2019117N02086,FANI,2019-04-28 06:00:00,FY2-E,49.5,8.00,86.90,0.15,Severe Cyclonic Storm
2019117N02086,FANI,2019-04-28 09:00:00,INSAT-3D,53.6,8.39,86.81,0.15,Severe Cyclonic Storm
2019117N02086,FANI,2019-04-28 09:00:00,MET-7,53.1,8.39,86.81,0.15,Severe Cyclonic Storm
2019117N02086,FANI,2019-04-28 09:00:00,FY2-E,52.6,8.39,86.81,0.15,Severe Cyclonic Storm
2019117N02086,FANI,2019-04-28 12:00:00,INSAT-3D,56.8,8.78,86.73,0.15,Severe Cyclonic Storm
2019117N02086,FANI,2019-04-28 12:00:00,MET-7,56.2,8.78,86.73,0.15,Severe Cyclonic Storm
2019117N02086,FANI,2019-04-28 12:00:00,FY2-E,55.8,8.78,86.73,0.15,Severe Cyclonic Storm
2019117N02086,FANI,2019-04-28 15:00:00,INSAT-3D,59.9,9.16,86.64,0.15,Severe Cyclonic Storm
2019117N02086,FANI,2019-04-28 15:00:00,MET-7,59.4,9.16,86.64,0.15,Severe Cyclonic Storm
2019117N02086,FANI,2019-04-28 15:00:00,FY2-E,58.9,9.16,86.64,0.15,Severe Cyclonic Storm
2019117N02086,FANI,2019-04-28 18:00:00,INSAT-3D,63.0,9.55,86.55,0.15,Severe Cyclonic Storm
2019117N02086,FANI,2019-04-28 18:00:00,MET-7,62.5,9.55,86.55,0.15,Severe Cyclonic Storm
2019117N02086,FANI,2019-04-28 18:00:00,FY2-E,62.0,9.55,86.55,0.15,Severe Cyclonic Storm
2019117N02086,FANI,2019-04-28 21:00:00,INSAT-3D,66.1,9.94,86.46,0.15,Very Severe Cyclonic Storm
2019117N02086,FANI,2019-04-28 21:00:00,MET-7,65.6,9.94,86.46,0.15,Very Severe Cyclonic Storm
2019117N02086,FANI,2019-04-28 21:00:00,FY2-E,65.1,9.94,86.46,0.15,Very Severe Cyclonic Storm
2019117N02086,FANI,2019-04-29 00:00:00,INSAT-3D,69.2,10.32,86.38,0.15,Very Severe Cyclonic Storm
2019117N02086,FANI,2019-04-29 00:00:00,MET-7,68.8,10.32,86.38,0.15,Very Severe Cyclonic Storm
2019117N02086,FANI,2019-04-29 00:00:00,FY2-E,68.2,10.32,86.38,0.15,Very Severe Cyclonic Storm
2019117N02086,FANI,2019-04-29 03:00:00,INSAT-3D,72.4,10.71,86.29,0.15,Very Severe Cyclonic Storm
2019117N02086,FANI,2019-04-29 03:00:00,MET-7,71.9,10.71,86.29,0.15,Very Severe Cyclonic Storm
2019117N02086,FANI,2019-04-29 03:00:00,FY2-E,71.4,10.71,86.29,0.15,Very Severe Cyclonic Storm
2019117N02086,FANI,2019-04-29 06:00:00,INSAT-3D,75.5,11.10,86.20,0.60,Very Severe Cyclonic Storm
2019117N02086,FANI,2019-04-29 06:00:00,MET-7,75.0,11.10,86.20,0.60,Very Severe Cyclonic Storm
2019117N02086,FANI,2019-04-29 06:00:00,FY2-E,74.5,11.10,86.20,0.60,Very Severe Cyclonic Storm
2019117N02086,FANI,2019-04-29 09:00:00,INSAT-3D,79.9,11.45,86.03,0.60,Very Severe Cyclonic Storm
2019117N02086,FANI,2019-04-29 09:00:00,MET-7,79.4,11.45,86.03,0.60,Very Severe Cyclonic Storm
2019117N02086,FANI,2019-04-29 09:00:00,FY2-E,78.9,11.45,86.03,0.60,Very Severe Cyclonic Storm
2019117N02086,FANI,2019-04-29 12:00:00,INSAT-3D,84.2,11.80,85.85,0.60,Very Severe Cyclonic Storm
2019117N02086,FANI,2019-04-29 12:00:00,MET-7,83.8,11.80,85.85,0.60,Very Severe Cyclonic Storm
2019117N02086,FANI,2019-04-29 12:00:00,FY2-E,83.2,11.80,85.85,0.60,Very Severe Cyclonic Storm
2019117N02086,FANI,2019-04-29 15:00:00,INSAT-3D,88.6,12.15,85.67,0.60,Very Severe Cyclonic Storm
2019117N02086,FANI,2019-04-29 15:00:00,MET-7,88.1,12.15,85.67,0.60,Very Severe Cyclonic Storm
2019117N02086,FANI,2019-04-29 15:00:00,FY2-E,87.6,12.15,85.67,0.60,Very Severe Cyclonic Storm
2019117N02086,FANI,2019-04-29 18:00:00,INSAT-3D,93.0,12.50,85.50,0.60,Extremely Severe Cyclonic Storm
2019117N02086,FANI,2019-04-29 18:00:00,MET-7,92.5,12.50,85.50,0.60,Extremely Severe Cyclonic Storm
2019117N02086,FANI,2019-04-29 18:00:00,FY2-E,92.0,12.50,85.50,0.60,Extremely Severe Cyclonic Storm
2019117N02086,FANI,2019-04-29 21:00:00,INSAT-3D,97.4,12.85,85.33,0.60,Extremely Severe Cyclonic Storm
2019117N02086,FANI,2019-04-29 21:00:00,MET-7,96.9,12.85,85.33,0.60,Extremely Severe Cyclonic Storm
2019117N02086,FANI,2019-04-29 21:00:00,FY2-E,96.4,12.85,85.33,0.60,Extremely Severe Cyclonic Storm
2019117N02086,FANI,2019-04-30 00:00:00,INSAT-3D,101.8,13.20,85.15,0.60,Extremely Severe Cyclonic Storm
2019117N02086,FANI,2019-04-30 00:00:00,MET-7,101.2,13.20,85.15,0.60,Extremely Severe Cyclonic Storm
2019117N02086,FANI,2019-04-30 00:00:00,FY2-E,100.8,13.20,85.15,0.60,Extremely Severe Cyclonic Storm
2019117N02086,FANI,2019-04-30 03:00:00,INSAT-3D,106.1,13.55,84.97,0.60,Extremely Severe Cyclonic Storm
2019117N02086,FANI,2019-04-30 03:00:00,MET-7,105.6,13.55,84.97,0.60,Extremely Severe Cyclonic Storm
2019117N02086,FANI,2019-04-30 03:00:00,FY2-E,105.1,13.55,84.97,0.60,Extremely Severe Cyclonic Storm
2019117N02086,FANI,2019-04-30 06:00:00,INSAT-3D,110.5,13.90,84.80,0.92,Extremely Severe Cyclonic Storm
2019117N02086,FANI,2019-04-30 06:00:00,MET-7,110.0,13.90,84.80,0.92,Extremely Severe Cyclonic Storm
2019117N02086,FANI,2019-04-30 06:00:00,FY2-E,109.5,13.90,84.80,0.92,Extremely Severe Cyclonic Storm
2019117N02086,FANI,2019-04-30 09:00:00,INSAT-3D,113.6,14.26,84.76,0.92,Extremely Severe Cyclonic Storm
2019117N02086,FANI,2019-04-30 09:00:00,MET-7,113.1,14.26,84.76,0.92,Extremely Severe Cyclonic Storm
2019117N02086,FANI,2019-04-30 09:00:00,FY2-E,112.6,14.26,84.76,0.92,Extremely Severe Cyclonic Storm
2019117N02086,FANI,2019-04-30 12:00:00,INSAT-3D,116.8,14.62,84.72,0.92,Extremely Severe Cyclonic Storm
2019117N02086,FANI,2019-04-30 12:00:00,MET-7,116.2,14.62,84.72,0.92,Extremely Severe Cyclonic Storm
2019117N02086,FANI,2019-04-30 12:00:00,FY2-E,115.8,14.62,84.72,0.92,Extremely Severe Cyclonic Storm
2019117N02086,FANI,2019-04-30 15:00:00,INSAT-3D,119.9,14.99,84.69,0.92,Extremely Severe Cyclonic Storm
2019117N02086,FANI,2019-04-30 15:00:00,MET-7,119.4,14.99,84.69,0.92,Extremely Severe Cyclonic Storm
2019117N02086,FANI,2019-04-30 15:00:00,FY2-E,118.9,14.99,84.69,0.92,Extremely Severe Cyclonic Storm
2019117N02086,FANI,2019-04-30 18:00:00,INSAT-3D,123.0,15.35,84.65,0.92,Super Cyclonic Storm
2019117N02086,FANI,2019-04-30 18:00:00,MET-7,122.5,15.35,84.65,0.92,Super Cyclonic Storm
2019117N02086,FANI,2019-04-30 18:00:00,FY2-E,122.0,15.35,84.65,0.92,Super Cyclonic Storm
2019117N02086,FANI,2019-04-30 21:00:00,INSAT-3D,126.1,15.71,84.61,0.92,Super Cyclonic Storm
2019117N02086,FANI,2019-04-30 21:00:00,MET-7,125.6,15.71,84.61,0.92,Super Cyclonic Storm
2019117N02086,FANI,2019-04-30 21:00:00,FY2-E,125.1,15.71,84.61,0.92,Super Cyclonic Storm
2019117N02086,FANI,2019-05-01 00:00:00,INSAT-3D,129.2,16.07,84.58,0.92,Super Cyclonic Storm
2019117N02086,FANI,2019-05-01 00:00:00,MET-7,128.8,16.07,84.58,0.92,Super Cyclonic Storm
2019117N02086,FANI,2019-05-01 00:00:00,FY2-E,128.2,16.07,84.58,0.92,Super Cyclonic Storm
2019117N02086,FANI,2019-05-01 03:00:00,INSAT-3D,132.4,16.44,84.54,0.92,Super Cyclonic Storm
2019117N02086,FANI,2019-05-01 03:00:00,MET-7,131.9,16.44,84.54,0.92,Super Cyclonic Storm
2019117N02086,FANI,2019-05-01 03:00:00,FY2-E,131.4,16.44,84.54,0.92,Super Cyclonic Storm
2019117N02086,FANI,2019-05-01 06:00:00,INSAT-3D,135.5,16.80,84.50,0.99,Super Cyclonic Storm
2019117N02086,FANI,2019-05-01 06:00:00,MET-7,135.0,16.80,84.50,0.99,Super Cyclonic Storm
2019117N02086,FANI,2019-05-01 06:00:00,FY2-E,134.5,16.80,84.50,0.99,Super Cyclonic Storm
2019117N02086,FANI,2019-05-01 09:00:00,INSAT-3D,133.0,17.18,84.66,0.99,Super Cyclonic Storm
2019117N02086,FANI,2019-05-01 09:00:00,MET-7,132.5,17.18,84.66,0.99,Super Cyclonic Storm
2019117N02086,FANI,2019-05-01 09:00:00,FY2-E,132.0,17.18,84.66,0.99,Super Cyclonic Storm
2019117N02086,FANI,2019-05-01 12:00:00,INSAT-3D,130.5,17.55,84.83,0.99,Super Cyclonic Storm
2019117N02086,FANI,2019-05-01 12:00:00,MET-7,130.0,17.55,84.83,0.99,Super Cyclonic Storm
2019117N02086,FANI,2019-05-01 12:00:00,FY2-E,129.5,17.55,84.83,0.99,Super Cyclonic Storm
2019117N02086,FANI,2019-05-01 15:00:00,INSAT-3D,128.0,17.93,84.99,0.99,Super Cyclonic Storm
2019117N02086,FANI,2019-05-01 15:00:00,MET-7,127.5,17.93,84.99,0.99,Super Cyclonic Storm
2019117N02086,FANI,2019-05-01 15:00:00,FY2-E,127.0,17.93,84.99,0.99,Super Cyclonic Storm
2019117N02086,FANI,2019-05-01 18:00:00,INSAT-3D,125.5,18.30,85.15,0.99,Super Cyclonic Storm
2019117N02086,FANI,2019-05-01 18:00:00,MET-7,125.0,18.30,85.15,0.99,Super Cyclonic Storm
2019117N02086,FANI,2019-05-01 18:00:00,FY2-E,124.5,18.30,85.15,0.99,Super Cyclonic Storm
2019117N02086,FANI,2019-05-01 21:00:00,INSAT-3D,123.0,18.68,85.31,0.99,Super Cyclonic Storm
2019117N02086,FANI,2019-05-01 21:00:00,MET-7,122.5,18.68,85.31,0.99,Super Cyclonic Storm
2019117N02086,FANI,2019-05-01 21:00:00,FY2-E,122.0,18.68,85.31,0.99,Super Cyclonic Storm
2019117N02086,FANI,2019-05-02 00:00:00,INSAT-3D,120.5,19.05,85.47,0.99,Super Cyclonic Storm
2019117N02086,FANI,2019-05-02 00:00:00,MET-7,120.0,19.05,85.47,0.99,Super Cyclonic Storm
2019117N02086,FANI,2019-05-02 00:00:00,FY2-E,119.5,19.05,85.47,0.99,Super Cyclonic Storm
2019117N02086,FANI,2019-05-02 03:00:00,INSAT-3D,118.0,19.43,85.64,0.99,Extremely Severe Cyclonic Storm
2019117N02086,FANI,2019-05-02 03:00:00,MET-7,117.5,19.43,85.64,0.99,Extremely Severe Cyclonic Storm
2019117N02086,FANI,2019-05-02 03:00:00,FY2-E,117.0,19.43,85.64,0.99,Extremely Severe Cyclonic Storm
2019117N02086,FANI,2019-05-02 06:00:00,INSAT-3D,115.5,19.80,85.80,0.85,Extremely Severe Cyclonic Storm
2019117N02086,FANI,2019-05-02 06:00:00,MET-7,115.0,19.80,85.80,0.85,Extremely Severe Cyclonic Storm
2019117N02086,FANI,2019-05-02 06:00:00,FY2-E,114.5,19.80,85.80,0.85,Extremely Severe Cyclonic Storm
2019117N02086,FANI,2019-05-02 09:00:00,INSAT-3D,106.8,20.26,86.14,0.85,Extremely Severe Cyclonic Storm
2019117N02086,FANI,2019-05-02 09:00:00,MET-7,106.2,20.26,86.14,0.85,Extremely Severe Cyclonic Storm
2019117N02086,FANI,2019-05-02 09:00:00,FY2-E,105.8,20.26,86.14,0.85,Extremely Severe Cyclonic Storm
2019117N02086,FANI,2019-05-02 12:00:00,INSAT-3D,98.0,20.73,86.47,0.85,Extremely Severe Cyclonic Storm
2019117N02086,FANI,2019-05-02 12:00:00,MET-7,97.5,20.73,86.47,0.85,Extremely Severe Cyclonic Storm
2019117N02086,FANI,2019-05-02 12:00:00,FY2-E,97.0,20.73,86.47,0.85,Extremely Severe Cyclonic Storm
2019117N02086,FANI,2019-05-02 15:00:00,INSAT-3D,89.2,21.19,86.81,0.85,Very Severe Cyclonic Storm
2019117N02086,FANI,2019-05-02 15:00:00,MET-7,88.8,21.19,86.81,0.85,Very Severe Cyclonic Storm
2019117N02086,FANI,2019-05-02 15:00:00,FY2-E,88.2,21.19,86.81,0.85,Very Severe Cyclonic Storm
2019117N02086,FANI,2019-05-02 18:00:00,INSAT-3D,80.5,21.65,87.15,0.85,Very Severe Cyclonic Storm
2019117N02086,FANI,2019-05-02 18:00:00,MET-7,80.0,21.65,87.15,0.85,Very Severe Cyclonic Storm
2019117N02086,FANI,2019-05-02 18:00:00,FY2-E,79.5,21.65,87.15,0.85,Very Severe Cyclonic Storm
2019117N02086,FANI,2019-05-02 21:00:00,INSAT-3D,71.8,22.11,87.49,,Very Severe Cyclonic Storm
2019117N02086,FANI,2019-05-02 21:00:00,MET-7,71.2,22.11,87.49,,Very Severe Cyclonic Storm
2019117N02086,FANI,2019-05-02 21:00:00,FY2-E,70.8,22.11,87.49,,Very Severe Cyclonic Storm
2019117N02086,FANI,2019-05-03 00:00:00,INSAT-3D,63.0,22.57,87.83,,Severe Cyclonic Storm
2019117N02086,FANI,2019-05-03 00:00:00,MET-7,62.5,22.57,87.83,,Severe Cyclonic Storm
2019117N02086,FANI,2019-05-03 00:00:00,FY2-E,62.0,22.57,87.83,,Severe Cyclonic Storm
2019117N02086,FANI,2019-05-03 03:00:00,INSAT-3D,54.2,23.04,88.16,,Severe Cyclonic Storm
2019117N02086,FANI,2019-05-03 03:00:00,MET-7,53.8,23.04,88.16,,Severe Cyclonic Storm
2019117N02086,FANI,2019-05-03 03:00:00,FY2-E,53.2,23.04,88.16,,Severe Cyclonic Storm
2019117N02086,FANI,2019-05-03 06:00:00,INSAT-3D,45.5,23.50,88.50,,Cyclonic Storm
2019117N02086,FANI,2019-05-03 06:00:00,MET-7,45.0,23.50,88.50,,Cyclonic Storm
2019117N02086,FANI,2019-05-03 06:00:00,FY2-E,44.5,23.50,88.50,,Cyclonic Storm
2019117N02086,FANI,2019-05-03 09:00:00,INSAT-3D,43.0,23.81,88.81,,Cyclonic Storm
2019117N02086,FANI,2019-05-03 09:00:00,MET-7,42.5,23.81,88.81,,Cyclonic Storm
2019117N02086,FANI,2019-05-03 09:00:00,FY2-E,42.0,23.81,88.81,,Cyclonic Storm
2019117N02086,FANI,2019-05-03 12:00:00,INSAT-3D,40.5,24.12,89.12,,Cyclonic Storm
2019117N02086,FANI,2019-05-03 12:00:00,MET-7,40.0,24.12,89.12,,Cyclonic Storm
2019117N02086,FANI,2019-05-03 12:00:00,FY2-E,39.5,24.12,89.12,,Cyclonic Storm
2019117N02086,FANI,2019-05-03 15:00:00,INSAT-3D,38.0,24.44,89.44,,Cyclonic Storm
2019117N02086,FANI,2019-05-03 15:00:00,MET-7,37.5,24.44,89.44,,Cyclonic Storm
2019117N02086,FANI,2019-05-03 15:00:00,FY2-E,37.0,24.44,89.44,,Cyclonic Storm
2019117N02086,FANI,2019-05-03 18:00:00,INSAT-3D,35.5,24.75,89.75,,Cyclonic Storm
2019117N02086,FANI,2019-05-03 18:00:00,MET-7,35.0,24.75,89.75,,Cyclonic Storm
2019117N02086,FANI,2019-05-03 18:00:00,FY2-E,34.5,24.75,89.75,,Cyclonic Storm
2019117N02086,FANI,2019-05-03 21:00:00,INSAT-3D,33.0,25.06,90.06,,Deep Depression
2019117N02086,FANI,2019-05-03 21:00:00,MET-7,32.5,25.06,90.06,,Deep Depression
2019117N02086,FANI,2019-05-03 21:00:00,FY2-E,32.0,25.06,90.06,,Deep Depression
2019117N02086,FANI,2019-05-04 00:00:00,INSAT-3D,30.5,25.38,90.38,,Deep Depression
2019117N02086,FANI,2019-05-04 00:00:00,MET-7,30.0,25.38,90.38,,Deep Depression
2019117N02086,FANI,2019-05-04 00:00:00,FY2-E,29.5,25.38,90.38,,Deep Depression
2019117N02086,FANI,2019-05-04 03:00:00,INSAT-3D,28.0,25.69,90.69,,Depression
2019117N02086,FANI,2019-05-04 03:00:00,MET-7,27.5,25.69,90.69,,Depression
2019117N02086,FANI,2019-05-04 03:00:00,FY2-E,27.0,25.69,90.69,,Depression
2020137N10087,AMPHAN,2020-05-16 00:00:00,INSAT-3D,30.5,10.40,86.80,,Deep Depression
2020137N10087,AMPHAN,2020-05-16 00:00:00,MET-7,30.0,10.40,86.80,,Deep Depression
2020137N10087,AMPHAN,2020-05-16 00:00:00,FY2-E,29.5,10.40,86.80,,Deep Depression
2020137N10087,AMPHAN,2020-05-16 03:00:00,INSAT-3D,33.0,10.58,86.72,,Deep Depression
2020137N10087,AMPHAN,2020-05-16 03:00:00,MET-7,32.5,10.58,86.72,,Deep Depression
2020137N10087,AMPHAN,2020-05-16 03:00:00,FY2-E,32.0,10.58,86.72,,Deep Depression
2020137N10087,AMPHAN,2020-05-16 06:00:00,INSAT-3D,35.5,10.77,86.63,,Cyclonic Storm
2020137N10087,AMPHAN,2020-05-16 06:00:00,MET-7,35.0,10.77,86.63,,Cyclonic Storm
2020137N10087,AMPHAN,2020-05-16 06:00:00,FY2-E,34.5,10.77,86.63,,Cyclonic Storm
2020137N10087,AMPHAN,2020-05-16 09:00:00,INSAT-3D,38.0,10.95,86.55,,Cyclonic Storm
2020137N10087,AMPHAN,2020-05-16 09:00:00,MET-7,37.5,10.95,86.55,,Cyclonic Storm
2020137N10087,AMPHAN,2020-05-16 09:00:00,FY2-E,37.0,10.95,86.55,,Cyclonic Storm
2020137N10087,AMPHAN,2020-05-16 12:00:00,INSAT-3D,40.5,11.13,86.47,,Cyclonic Storm
2020137N10087,AMPHAN,2020-05-16 12:00:00,MET-7,40.0,11.13,86.47,,Cyclonic Storm
2020137N10087,AMPHAN,2020-05-16 12:00:00,FY2-E,39.5,11.13,86.47,,Cyclonic Storm
2020137N10087,AMPHAN,2020-05-16 15:00:00,INSAT-3D,43.0,11.32,86.38,,Cyclonic Storm
2020137N10087,AMPHAN,2020-05-16 15:00:00,MET-7,42.5,11.32,86.38,,Cyclonic Storm
2020137N10087,AMPHAN,2020-05-16 15:00:00,FY2-E,42.0,11.32,86.38,,Cyclonic Storm
2020137N10087,AMPHAN,2020-05-16 18:00:00,INSAT-3D,45.5,11.50,86.30,,Cyclonic Storm
2020137N10087,AMPHAN,2020-05-16 18:00:00,MET-7,45.0,11.50,86.30,,Cyclonic Storm
2020137N10087,AMPHAN,2020-05-16 18:00:00,FY2-E,44.5,11.50,86.30,,Cyclonic Storm
2020137N10087,AMPHAN,2020-05-16 21:00:00,INSAT-3D,52.2,11.78,86.30,,Severe Cyclonic Storm
2020137N10087,AMPHAN,2020-05-16 21:00:00,MET-7,51.7,11.78,86.30,,Severe Cyclonic Storm
2020137N10087,AMPHAN,2020-05-16 21:00:00,FY2-E,51.2,11.78,86.30,,Severe Cyclonic Storm
2020137N10087,AMPHAN,2020-05-17 00:00:00,INSAT-3D,58.8,12.07,86.30,,Severe Cyclonic Storm
2020137N10087,AMPHAN,2020-05-17 00:00:00,MET-7,58.3,12.07,86.30,,Severe Cyclonic Storm
2020137N10087,AMPHAN,2020-05-17 00:00:00,FY2-E,57.8,12.07,86.30,,Severe Cyclonic Storm
2020137N10087,AMPHAN,2020-05-17 03:00:00,INSAT-3D,65.5,12.35,86.30,,Very Severe Cyclonic Storm
2020137N10087,AMPHAN,2020-05-17 03:00:00,MET-7,65.0,12.35,86.30,,Very Severe Cyclonic Storm
2020137N10087,AMPHAN,2020-05-17 03:00:00,FY2-E,64.5,12.35,86.30,,Very Severe Cyclonic Storm
2020137N10087,AMPHAN,2020-05-17 06:00:00,INSAT-3D,72.2,12.63,86.30,0.80,Very Severe Cyclonic Storm
2020137N10087,AMPHAN,2020-05-17 06:00:00,MET-7,71.7,12.63,86.30,0.80,Very Severe Cyclonic Storm
2020137N10087,AMPHAN,2020-05-17 06:00:00,FY2-E,71.2,12.63,86.30,0.80,Very Severe Cyclonic Storm
2020137N10087,AMPHAN,2020-05-17 09:00:00,INSAT-3D,78.8,12.92,86.30,0.80,Very Severe Cyclonic Storm
2020137N10087,AMPHAN,2020-05-17 09:00:00,MET-7,78.3,12.92,86.30,0.80,Very Severe Cyclonic Storm
2020137N10087,AMPHAN,2020-05-17 09:00:00,FY2-E,77.8,12.92,86.30,0.80,Very Severe Cyclonic Storm
2020137N10087,AMPHAN,2020-05-17 12:00:00,INSAT-3D,85.5,13.20,86.30,0.80,Very Severe Cyclonic Storm
2020137N10087,AMPHAN,2020-05-17 12:00:00,MET-7,85.0,13.20,86.30,0.80,Very Severe Cyclonic Storm
2020137N10087,AMPHAN,2020-05-17 12:00:00,FY2-E,84.5,13.20,86.30,0.80,Very Severe Cyclonic Storm
2020137N10087,AMPHAN,2020-05-17 15:00:00,INSAT-3D,95.5,13.60,86.37,0.80,Extremely Severe Cyclonic Storm
2020137N10087,AMPHAN,2020-05-17 15:00:00,MET-7,95.0,13.60,86.37,0.80,Extremely Severe Cyclonic Storm
2020137N10087,AMPHAN,2020-05-17 15:00:00,FY2-E,94.5,13.60,86.37,0.80,Extremely Severe Cyclonic Storm
2020137N10087,AMPHAN,2020-05-17 18:00:00,INSAT-3D,105.5,14.00,86.43,0.80,Extremely Severe Cyclonic Storm
2020137N10087,AMPHAN,2020-05-17 18:00:00,MET-7,105.0,14.00,86.43,0.80,Extremely Severe Cyclonic Storm
2020137N10087,AMPHAN,2020-05-17 18:00:00,FY2-E,104.5,14.00,86.43,0.80,Extremely Severe Cyclonic Storm
2020137N10087,AMPHAN,2020-05-17 21:00:00,INSAT-3D,115.5,14.40,86.50,0.80,Extremely Severe Cyclonic Storm
2020137N10087,AMPHAN,2020-05-17 21:00:00,MET-7,115.0,14.40,86.50,0.80,Extremely Severe Cyclonic Storm
2020137N10087,AMPHAN,2020-05-17 21:00:00,FY2-E,114.5,14.40,86.50,0.80,Extremely Severe Cyclonic Storm
2020137N10087,AMPHAN,2020-05-18 00:00:00,INSAT-3D,125.5,14.80,86.57,0.80,Super Cyclonic Storm
2020137N10087,AMPHAN,2020-05-18 00:00:00,MET-7,125.0,14.80,86.57,0.80,Super Cyclonic Storm
2020137N10087,AMPHAN,2020-05-18 00:00:00,FY2-E,124.5,14.80,86.57,0.80,Super Cyclonic Storm
2020137N10087,AMPHAN,2020-05-18 03:00:00,INSAT-3D,135.5,15.20,86.63,0.80,Super Cyclonic Storm
2020137N10087,AMPHAN,2020-05-18 03:00:00,MET-7,135.0,15.20,86.63,0.80,Super Cyclonic Storm
2020137N10087,AMPHAN,2020-05-18 03:00:00,FY2-E,134.5,15.20,86.63,0.80,Super Cyclonic Storm
2020137N10087,AMPHAN,2020-05-18 06:00:00,INSAT-3D,145.5,15.60,86.70,1.00,Super Cyclonic Storm
2020137N10087,AMPHAN,2020-05-18 06:00:00,MET-7,145.0,15.60,86.70,1.00,Super Cyclonic Storm
2020137N10087,AMPHAN,2020-05-18 06:00:00,FY2-E,144.5,15.60,86.70,1.00,Super Cyclonic Storm
2020137N10087,AMPHAN,2020-05-18 09:00:00,INSAT-3D,141.3,16.03,86.78,1.00,Super Cyclonic Storm
2020137N10087,AMPHAN,2020-05-18 09:00:00,MET-7,140.8,16.03,86.78,1.00,Super Cyclonic Storm
2020137N10087,AMPHAN,2020-05-18 09:00:00,FY2-E,140.3,16.03,86.78,1.00,Super Cyclonic Storm
2020137N10087,AMPHAN,2020-05-18 12:00:00,INSAT-3D,137.2,16.47,86.87,1.00,Super Cyclonic Storm
2020137N10087,AMPHAN,2020-05-18 12:00:00,MET-7,136.7,16.47,86.87,1.00,Super Cyclonic Storm
2020137N10087,AMPHAN,2020-05-18 12:00:00,FY2-E,136.2,16.47,86.87,1.00,Super Cyclonic Storm
2020137N10087,AMPHAN,2020-05-18 15:00:00,INSAT-3D,133.0,16.90,86.95,1.00,Super Cyclonic Storm
2020137N10087,AMPHAN,2020-05-18 15:00:00,MET-7,132.5,16.90,86.95,1.00,Super Cyclonic Storm
2020137N10087,AMPHAN,2020-05-18 15:00:00,FY2-E,132.0,16.90,86.95,1.00,Super Cyclonic Storm
2020137N10087,AMPHAN,2020-05-18 18:00:00,INSAT-3D,128.8,17.33,87.03,1.00,Super Cyclonic Storm
2020137N10087,AMPHAN,2020-05-18 18:00:00,MET-7,128.3,17.33,87.03,1.00,Super Cyclonic Storm
2020137N10087,AMPHAN,2020-05-18 18:00:00,FY2-E,127.8,17.33,87.03,1.00,Super Cyclonic Storm
2020137N10087,AMPHAN,2020-05-18 21:00:00,INSAT-3D,124.7,17.77,87.12,1.00,Super Cyclonic Storm
2020137N10087,AMPHAN,2020-05-18 21:00:00,MET-7,124.2,17.77,87.12,1.00,Super Cyclonic Storm
2020137N10087,AMPHAN,2020-05-18 21:00:00,FY2-E,123.7,17.77,87.12,1.00,Super Cyclonic Storm
2020137N10087,AMPHAN,2020-05-19 00:00:00,INSAT-3D,120.5,18.20,87.20,0.90,Super Cyclonic Storm
2020137N10087,AMPHAN,2020-05-19 00:00:00,MET-7,120.0,18.20,87.20,0.90,Super Cyclonic Storm
2020137N10087,AMPHAN,2020-05-19 00:00:00,FY2-E,119.5,18.20,87.20,0.90,Super Cyclonic Storm
2020137N10087,AMPHAN,2020-05-19 03:00:00,INSAT-3D,114.7,18.78,87.38,0.90,Extremely Severe Cyclonic Storm
2020137N10087,AMPHAN,2020-05-19 03:00:00,MET-7,114.2,18.78,87.38,0.90,Extremely Severe Cyclonic Storm
2020137N10087,AMPHAN,2020-05-19 03:00:00,FY2-E,113.7,18.78,87.38,0.90,Extremely Severe Cyclonic Storm
2020137N10087,AMPHAN,2020-05-19 06:00:00,INSAT-3D,108.8,19.37,87.57,0.90,Extremely Severe Cyclonic Storm
2020137N10087,AMPHAN,2020-05-19 06:00:00,MET-7,108.3,19.37,87.57,0.90,Extremely Severe Cyclonic Storm
2020137N10087,AMPHAN,2020-05-19 06:00:00,FY2-E,107.8,19.37,87.57,0.90,Extremely Severe Cyclonic Storm
2020137N10087,AMPHAN,2020-05-19 09:00:00,INSAT-3D,103.0,19.95,87.75,0.90,Extremely Severe Cyclonic Storm
2020137N10087,AMPHAN,2020-05-19 09:00:00,MET-7,102.5,19.95,87.75,0.90,Extremely Severe Cyclonic Storm
2020137N10087,AMPHAN,2020-05-19 09:00:00,FY2-E,102.0,19.95,87.75,0.90,Extremely Severe Cyclonic Storm
2020137N10087,AMPHAN,2020-05-19 12:00:00,INSAT-3D,97.2,20.53,87.93,0.90,Extremely Severe Cyclonic Storm
2020137N10087,AMPHAN,2020-05-19 12:00:00,MET-7,96.7,20.53,87.93,0.90,Extremely Severe Cyclonic Storm
2020137N10087,AMPHAN,2020-05-19 12:00:00,FY2-E,96.2,20.53,87.93,0.90,Extremely Severe Cyclonic Storm
2020137N10087,AMPHAN,2020-05-19 15:00:00,INSAT-3D,91.3,21.12,88.12,0.90,Extremely Severe Cyclonic Storm
2020137N10087,AMPHAN,2020-05-19 15:00:00,MET-7,90.8,21.12,88.12,0.90,Extremely Severe Cyclonic Storm
2020137N10087,AMPHAN,2020-05-19 15:00:00,FY2-E,90.3,21.12,88.12,0.90,Extremely Severe Cyclonic Storm
2020137N10087,AMPHAN,2020-05-19 18:00:00,INSAT-3D,85.5,21.70,88.30,0.65,Very Severe Cyclonic Storm
2020137N10087,AMPHAN,2020-05-19 18:00:00,MET-7,85.0,21.70,88.30,0.65,Very Severe Cyclonic Storm
2020137N10087,AMPHAN,2020-05-19 18:00:00,FY2-E,84.5,21.70,88.30,0.65,Very Severe Cyclonic Storm
2020137N10087,AMPHAN,2020-05-19 21:00:00,INSAT-3D,77.2,22.33,88.52,0.65,Very Severe Cyclonic Storm
2020137N10087,AMPHAN,2020-05-19 21:00:00,MET-7,76.7,22.33,88.52,0.65,Very Severe Cyclonic Storm
2020137N10087,AMPHAN,2020-05-19 21:00:00,FY2-E,76.2,22.33,88.52,0.65,Very Severe Cyclonic Storm
2020137N10087,AMPHAN,2020-05-20 00:00:00,INSAT-3D,68.8,22.97,88.73,0.65,Very Severe Cyclonic Storm
2020137N10087,AMPHAN,2020-05-20 00:00:00,MET-7,68.3,22.97,88.73,0.65,Very Severe Cyclonic Storm
2020137N10087,AMPHAN,2020-05-20 00:00:00,FY2-E,67.8,22.97,88.73,0.65,Very Severe Cyclonic Storm
2020137N10087,AMPHAN,2020-05-20 03:00:00,INSAT-3D,60.5,23.60,88.95,0.65,Severe Cyclonic Storm
2020137N10087,AMPHAN,2020-05-20 03:00:00,MET-7,60.0,23.60,88.95,0.65,Severe Cyclonic Storm
2020137N10087,AMPHAN,2020-05-20 03:00:00,FY2-E,59.5,23.60,88.95,0.65,Severe Cyclonic Storm
2020137N10087,AMPHAN,2020-05-20 06:00:00,INSAT-3D,52.2,24.23,89.17,,Severe Cyclonic Storm
2020137N10087,AMPHAN,2020-05-20 06:00:00,MET-7,51.7,24.23,89.17,,Severe Cyclonic Storm
2020137N10087,AMPHAN,2020-05-20 06:00:00,FY2-E,51.2,24.23,89.17,,Severe Cyclonic Storm
2020137N10087,AMPHAN,2020-05-20 09:00:00,INSAT-3D,43.8,24.87,89.38,,Cyclonic Storm
2020137N10087,AMPHAN,2020-05-20 09:00:00,MET-7,43.3,24.87,89.38,,Cyclonic Storm
2020137N10087,AMPHAN,2020-05-20 09:00:00,FY2-E,42.8,24.87,89.38,,Cyclonic Storm
2021134N10072,TAUKTAE,2021-05-14 06:00:00,INSAT-3D,25.5,10.50,72.50,,Depression
2021134N10072,TAUKTAE,2021-05-14 06:00:00,MET-7,25.0,10.50,72.50,,Depression
2021134N10072,TAUKTAE,2021-05-14 06:00:00,FY2-E,24.5,10.50,72.50,,Depression
2021134N10072,TAUKTAE,2021-05-14 09:00:00,INSAT-3D,27.4,10.79,72.50,,Depression
2021134N10072,TAUKTAE,2021-05-14 09:00:00,MET-7,26.9,10.79,72.50,,Depression
2021134N10072,TAUKTAE,2021-05-14 09:00:00,FY2-E,26.4,10.79,72.50,,Depression
2021134N10072,TAUKTAE,2021-05-14 12:00:00,INSAT-3D,29.2,11.07,72.50,,Deep Depression
2021134N10072,TAUKTAE,2021-05-14 12:00:00,MET-7,28.8,11.07,72.50,,Deep Depression
2021134N10072,TAUKTAE,2021-05-14 12:00:00,FY2-E,28.2,11.07,72.50,,Deep Depression
2021134N10072,TAUKTAE,2021-05-14 15:00:00,INSAT-3D,31.1,11.36,72.50,,Deep Depression
2021134N10072,TAUKTAE,2021-05-14 15:00:00,MET-7,30.6,11.36,72.50,,Deep Depression
2021134N10072,TAUKTAE,2021-05-14 15:00:00,FY2-E,30.1,11.36,72.50,,Deep Depression
2021134N10072,TAUKTAE,2021-05-14 18:00:00,INSAT-3D,33.0,11.65,72.50,,Deep Depression
2021134N10072,TAUKTAE,2021-05-14 18:00:00,MET-7,32.5,11.65,72.50,,Deep Depression
2021134N10072,TAUKTAE,2021-05-14 18:00:00,FY2-E,32.0,11.65,72.50,,Deep Depression
2021134N10072,TAUKTAE,2021-05-14 21:00:00,INSAT-3D,34.9,11.94,72.50,,Cyclonic Storm
2021134N10072,TAUKTAE,2021-05-14 21:00:00,MET-7,34.4,11.94,72.50,,Cyclonic Storm
2021134N10072,TAUKTAE,2021-05-14 21:00:00,FY2-E,33.9,11.94,72.50,,Cyclonic Storm
2021134N10072,TAUKTAE,2021-05-15 00:00:00,INSAT-3D,36.8,12.23,72.50,,Cyclonic Storm
2021134N10072,TAUKTAE,2021-05-15 00:00:00,MET-7,36.2,12.23,72.50,,Cyclonic Storm
2021134N10072,TAUKTAE,2021-05-15 00:00:00,FY2-E,35.8,12.23,72.50,,Cyclonic Storm
2021134N10072,TAUKTAE,2021-05-15 03:00:00,INSAT-3D,38.6,12.51,72.50,,Cyclonic Storm
2021134N10072,TAUKTAE,2021-05-15 03:00:00,MET-7,38.1,12.51,72.50,,Cyclonic Storm
2021134N10072,TAUKTAE,2021-05-15 03:00:00,FY2-E,37.6,12.51,72.50,,Cyclonic Storm
2021134N10072,TAUKTAE,2021-05-15 06:00:00,INSAT-3D,40.5,12.80,72.50,,Cyclonic Storm
2021134N10072,TAUKTAE,2021-05-15 06:00:00,MET-7,40.0,12.80,72.50,,Cyclonic Storm
2021134N10072,TAUKTAE,2021-05-15 06:00:00,FY2-E,39.5,12.80,72.50,,Cyclonic Storm
2021134N10072,TAUKTAE,2021-05-15 09:00:00,INSAT-3D,44.2,13.10,72.54,,Cyclonic Storm
2021134N10072,TAUKTAE,2021-05-15 09:00:00,MET-7,43.8,13.10,72.54,,Cyclonic Storm
2021134N10072,TAUKTAE,2021-05-15 09:00:00,FY2-E,43.2,13.10,72.54,,Cyclonic Storm
2021134N10072,TAUKTAE,2021-05-15 12:00:00,INSAT-3D,48.0,13.40,72.58,,Cyclonic Storm
2021134N10072,TAUKTAE,2021-05-15 12:00:00,MET-7,47.5,13.40,72.58,,Cyclonic Storm
2021134N10072,TAUKTAE,2021-05-15 12:00:00,FY2-E,47.0,13.40,72.58,,Cyclonic Storm
2021134N10072,TAUKTAE,2021-05-15 15:00:00,INSAT-3D,51.8,13.70,72.61,,Severe Cyclonic Storm
2021134N10072,TAUKTAE,2021-05-15 15:00:00,MET-7,51.2,13.70,72.61,,Severe Cyclonic Storm
2021134N10072,TAUKTAE,2021-05-15 15:00:00,FY2-E,50.8,13.70,72.61,,Severe Cyclonic Storm
2021134N10072,TAUKTAE,2021-05-15 18:00:00,INSAT-3D,55.5,14.00,72.65,,Severe Cyclonic Storm
2021134N10072,TAUKTAE,2021-05-15 18:00:00,MET-7,55.0,14.00,72.65,,Severe Cyclonic Storm
2021134N10072,TAUKTAE,2021-05-15 18:00:00,FY2-E,54.5,14.00,72.65,,Severe Cyclonic Storm
2021134N10072,TAUKTAE,2021-05-15 21:00:00,INSAT-3D,59.2,14.30,72.69,0.50,Severe Cyclonic Storm
2021134N10072,TAUKTAE,2021-05-15 21:00:00,MET-7,58.8,14.30,72.69,0.50,Severe Cyclonic Storm
2021134N10072,TAUKTAE,2021-05-15 21:00:00,FY2-E,58.2,14.30,72.69,0.50,Severe Cyclonic Storm
2021134N10072,TAUKTAE,2021-05-16 00:00:00,INSAT-3D,63.0,14.60,72.72,0.50,Severe Cyclonic Storm
2021134N10072,TAUKTAE,2021-05-16 00:00:00,MET-7,62.5,14.60,72.72,0.50,Severe Cyclonic Storm
2021134N10072,TAUKTAE,2021-05-16 00:00:00,FY2-E,62.0,14.60,72.72,0.50,Severe Cyclonic Storm
2021134N10072,TAUKTAE,2021-05-16 03:00:00,INSAT-3D,66.8,14.90,72.76,0.50,Very Severe Cyclonic Storm
2021134N10072,TAUKTAE,2021-05-16 03:00:00,MET-7,66.2,14.90,72.76,0.50,Very Severe Cyclonic Storm
2021134N10072,TAUKTAE,2021-05-16 03:00:00,FY2-E,65.8,14.90,72.76,0.50,Very Severe Cyclonic Storm
2021134N10072,TAUKTAE,2021-05-16 06:00:00,INSAT-3D,70.5,15.20,72.80,0.50,Very Severe Cyclonic Storm
2021134N10072,TAUKTAE,2021-05-16 06:00:00,MET-7,70.0,15.20,72.80,0.50,Very Severe Cyclonic Storm
2021134N10072,TAUKTAE,2021-05-16 06:00:00,FY2-E,69.5,15.20,72.80,0.50,Very Severe Cyclonic Storm
2021134N10072,TAUKTAE,2021-05-16 09:00:00,INSAT-3D,74.9,15.61,72.64,0.50,Very Severe Cyclonic Storm
2021134N10072,TAUKTAE,2021-05-16 09:00:00,MET-7,74.4,15.61,72.64,0.50,Very Severe Cyclonic Storm
2021134N10072,TAUKTAE,2021-05-16 09:00:00,FY2-E,73.9,15.61,72.64,0.50,Very Severe Cyclonic Storm
2021134N10072,TAUKTAE,2021-05-16 12:00:00,INSAT-3D,79.2,16.02,72.47,0.50,Very Severe Cyclonic Storm
2021134N10072,TAUKTAE,2021-05-16 12:00:00,MET-7,78.8,16.02,72.47,0.50,Very Severe Cyclonic Storm
2021134N10072,TAUKTAE,2021-05-16 12:00:00,FY2-E,78.2,16.02,72.47,0.50,Very Severe Cyclonic Storm
2021134N10072,TAUKTAE,2021-05-16 15:00:00,INSAT-3D,83.6,16.44,72.31,0.50,Very Severe Cyclonic Storm
2021134N10072,TAUKTAE,2021-05-16 15:00:00,MET-7,83.1,16.44,72.31,0.50,Very Severe Cyclonic Storm
2021134N10072,TAUKTAE,2021-05-16 15:00:00,FY2-E,82.6,16.44,72.31,0.50,Very Severe Cyclonic Storm
2021134N10072,TAUKTAE,2021-05-16 18:00:00,INSAT-3D,88.0,16.85,72.15,0.50,Very Severe Cyclonic Storm
2021134N10072,TAUKTAE,2021-05-16 18:00:00,MET-7,87.5,16.85,72.15,0.50,Very Severe Cyclonic Storm
2021134N10072,TAUKTAE,2021-05-16 18:00:00,FY2-E,87.0,16.85,72.15,0.50,Very Severe Cyclonic Storm
2021134N10072,TAUKTAE,2021-05-16 21:00:00,INSAT-3D,92.4,17.26,71.99,0.50,Extremely Severe Cyclonic Storm
2021134N10072,TAUKTAE,2021-05-16 21:00:00,MET-7,91.9,17.26,71.99,0.50,Extremely Severe Cyclonic Storm
2021134N10072,TAUKTAE,2021-05-16 21:00:00,FY2-E,91.4,17.26,71.99,0.50,Extremely Severe Cyclonic Storm
2021134N10072,TAUKTAE,2021-05-17 00:00:00,INSAT-3D,96.8,17.68,71.83,0.50,Extremely Severe Cyclonic Storm
2021134N10072,TAUKTAE,2021-05-17 00:00:00,MET-7,96.2,17.68,71.83,0.50,Extremely Severe Cyclonic Storm
2021134N10072,TAUKTAE,2021-05-17 00:00:00,FY2-E,95.8,17.68,71.83,0.50,Extremely Severe Cyclonic Storm
2021134N10072,TAUKTAE,2021-05-17 03:00:00,INSAT-3D,101.1,18.09,71.66,0.50,Extremely Severe Cyclonic Storm
2021134N10072,TAUKTAE,2021-05-17 03:00:00,MET-7,100.6,18.09,71.66,0.50,Extremely Severe Cyclonic Storm
2021134N10072,TAUKTAE,2021-05-17 03:00:00,FY2-E,100.1,18.09,71.66,0.50,Extremely Severe Cyclonic Storm
2021134N10072,TAUKTAE,2021-05-17 06:00:00,INSAT-3D,105.5,18.50,71.50,0.90,Extremely Severe Cyclonic Storm
2021134N10072,TAUKTAE,2021-05-17 06:00:00,MET-7,105.0,18.50,71.50,0.90,Extremely Severe Cyclonic Storm
2021134N10072,TAUKTAE,2021-05-17 06:00:00,FY2-E,104.5,18.50,71.50,0.90,Extremely Severe Cyclonic Storm
2021134N10072,TAUKTAE,2021-05-17 09:00:00,INSAT-3D,108.0,18.88,71.43,0.90,Extremely Severe Cyclonic Storm
2021134N10072,TAUKTAE,2021-05-17 09:00:00,MET-7,107.5,18.88,71.43,0.90,Extremely Severe Cyclonic Storm
2021134N10072,TAUKTAE,2021-05-17 09:00:00,FY2-E,107.0,18.88,71.43,0.90,Extremely Severe Cyclonic Storm
2021134N10072,TAUKTAE,2021-05-17 12:00:00,INSAT-3D,110.5,19.27,71.37,0.90,Extremely Severe Cyclonic Storm
2021134N10072,TAUKTAE,2021-05-17 12:00:00,MET-7,110.0,19.27,71.37,0.90,Extremely Severe Cyclonic Storm
2021134N10072,TAUKTAE,2021-05-17 12:00:00,FY2-E,109.5,19.27,71.37,0.90,Extremely Severe Cyclonic Storm
2021134N10072,TAUKTAE,2021-05-17 15:00:00,INSAT-3D,113.0,19.65,71.30,0.90,Extremely Severe Cyclonic Storm
2021134N10072,TAUKTAE,2021-05-17 15:00:00,MET-7,112.5,19.65,71.30,0.90,Extremely Severe Cyclonic Storm
2021134N10072,TAUKTAE,2021-05-17 15:00:00,FY2-E,112.0,19.65,71.30,0.90,Extremely Severe Cyclonic Storm
2021134N10072,TAUKTAE,2021-05-17 18:00:00,INSAT-3D,115.5,20.03,71.23,0.90,Extremely Severe Cyclonic Storm
2021134N10072,TAUKTAE,2021-05-17 18:00:00,MET-7,115.0,20.03,71.23,0.90,Extremely Severe Cyclonic Storm
2021134N10072,TAUKTAE,2021-05-17 18:00:00,FY2-E,114.5,20.03,71.23,0.90,Extremely Severe Cyclonic Storm
2021134N10072,TAUKTAE,2021-05-17 21:00:00,INSAT-3D,118.0,20.42,71.17,0.90,Extremely Severe Cyclonic Storm
2021134N10072,TAUKTAE,2021-05-17 21:00:00,MET-7,117.5,20.42,71.17,0.90,Extremely Severe Cyclonic Storm
2021134N10072,TAUKTAE,2021-05-17 21:00:00,FY2-E,117.0,20.42,71.17,0.90,Extremely Severe Cyclonic Storm
2021134N10072,TAUKTAE,2021-05-18 00:00:00,INSAT-3D,120.5,20.80,71.10,0.98,Super Cyclonic Storm
2021134N10072,TAUKTAE,2021-05-18 00:00:00,MET-7,120.0,20.80,71.10,0.98,Super Cyclonic Storm
2021134N10072,TAUKTAE,2021-05-18 00:00:00,FY2-E,119.5,20.80,71.10,0.98,Super Cyclonic Storm
2021134N10072,TAUKTAE,2021-05-18 03:00:00,INSAT-3D,114.7,20.97,71.13,0.98,Extremely Severe Cyclonic Storm
2021134N10072,TAUKTAE,2021-05-18 03:00:00,MET-7,114.2,20.97,71.13,0.98,Extremely Severe Cyclonic Storm
2021134N10072,TAUKTAE,2021-05-18 03:00:00,FY2-E,113.7,20.97,71.13,0.98,Extremely Severe Cyclonic Storm
2021134N10072,TAUKTAE,2021-05-18 06:00:00,INSAT-3D,108.8,21.13,71.17,0.98,Extremely Severe Cyclonic Storm
2021134N10072,TAUKTAE,2021-05-18 06:00:00,MET-7,108.3,21.13,71.17,0.98,Extremely Severe Cyclonic Storm
2021134N10072,TAUKTAE,2021-05-18 06:00:00,FY2-E,107.8,21.13,71.17,0.98,Extremely Severe Cyclonic Storm
2021134N10072,TAUKTAE,2021-05-18 09:00:00,INSAT-3D,103.0,21.30,71.20,0.98,Extremely Severe Cyclonic Storm
2021134N10072,TAUKTAE,2021-05-18 09:00:00,MET-7,102.5,21.30,71.20,0.98,Extremely Severe Cyclonic Storm
2021134N10072,TAUKTAE,2021-05-18 09:00:00,FY2-E,102.0,21.30,71.20,0.98,Extremely Severe Cyclonic Storm
2021134N10072,TAUKTAE,2021-05-18 12:00:00,INSAT-3D,97.2,21.47,71.23,0.98,Extremely Severe Cyclonic Storm
2021134N10072,TAUKTAE,2021-05-18 12:00:00,MET-7,96.7,21.47,71.23,0.98,Extremely Severe Cyclonic Storm
2021134N10072,TAUKTAE,2021-05-18 12:00:00,FY2-E,96.2,21.47,71.23,0.98,Extremely Severe Cyclonic Storm
2021134N10072,TAUKTAE,2021-05-18 15:00:00,INSAT-3D,91.3,21.63,71.27,0.98,Extremely Severe Cyclonic Storm
2021134N10072,TAUKTAE,2021-05-18 15:00:00,MET-7,90.8,21.63,71.27,0.98,Extremely Severe Cyclonic Storm
2021134N10072,TAUKTAE,2021-05-18 15:00:00,FY2-E,90.3,21.63,71.27,0.98,Extremely Severe Cyclonic Storm
2021134N10072,TAUKTAE,2021-05-18 18:00:00,INSAT-3D,85.5,21.80,71.30,0.60,Very Severe Cyclonic Storm
2021134N10072,TAUKTAE,2021-05-18 18:00:00,MET-7,85.0,21.80,71.30,0.60,Very Severe Cyclonic Storm
2021134N10072,TAUKTAE,2021-05-18 18:00:00,FY2-E,84.5,21.80,71.30,0.60,Very Severe Cyclonic Storm
2021134N10072,TAUKTAE,2021-05-18 21:00:00,INSAT-3D,76.3,22.25,71.58,0.60,Very Severe Cyclonic Storm
2021134N10072,TAUKTAE,2021-05-18 21:00:00,MET-7,75.8,22.25,71.58,0.60,Very Severe Cyclonic Storm
2021134N10072,TAUKTAE,2021-05-18 21:00:00,FY2-E,75.3,22.25,71.58,0.60,Very Severe Cyclonic Storm
2021134N10072,TAUKTAE,2021-05-19 00:00:00,INSAT-3D,67.2,22.70,71.87,0.60,Very Severe Cyclonic Storm
2021134N10072,TAUKTAE,2021-05-19 00:00:00,MET-7,66.7,22.70,71.87,0.60,Very Severe Cyclonic Storm
2021134N10072,TAUKTAE,2021-05-19 00:00:00,FY2-E,66.2,22.70,71.87,0.60,Very Severe Cyclonic Storm
2021134N10072,TAUKTAE,2021-05-19 03:00:00,INSAT-3D,58.0,23.15,72.15,0.60,Severe Cyclonic Storm
2021134N10072,TAUKTAE,2021-05-19 03:00:00,MET-7,57.5,23.15,72.15,0.60,Severe Cyclonic Storm
2021134N10072,TAUKTAE,2021-05-19 03:00:00,FY2-E,57.0,23.15,72.15,0.60,Severe Cyclonic Storm
2021134N10072,TAUKTAE,2021-05-19 06:00:00,INSAT-3D,48.8,23.60,72.43,,Severe Cyclonic Storm
2021134N10072,TAUKTAE,2021-05-19 06:00:00,MET-7,48.3,23.60,72.43,,Severe Cyclonic Storm
2021134N10072,TAUKTAE,2021-05-19 06:00:00,FY2-E,47.8,23.60,72.43,,Severe Cyclonic Storm
2021134N10072,TAUKTAE,2021-05-19 09:00:00,INSAT-3D,39.7,24.05,72.72,,Cyclonic Storm
2021134N10072,TAUKTAE,2021-05-19 09:00:00,MET-7,39.2,24.05,72.72,,Cyclonic Storm
2021134N10072,TAUKTAE,2021-05-19 09:00:00,FY2-E,38.7,24.05,72.72,,Cyclonic Storm
2023157N13066,BIPARJOY,2023-06-06 00:00:00,INSAT-3D,30.5,11.90,66.00,,Deep Depression
2023157N13066,BIPARJOY,2023-06-06 00:00:00,MET-7,30.0,11.90,66.00,,Deep Depression
2023157N13066,BIPARJOY,2023-06-06 00:00:00,FY2-E,29.5,11.90,66.00,,Deep Depression
2023157N13066,BIPARJOY,2023-06-06 03:00:00,INSAT-3D,32.2,12.06,66.02,,Deep Depression
2023157N13066,BIPARJOY,2023-06-06 03:00:00,MET-7,31.7,12.06,66.02,,Deep Depression
2023157N13066,BIPARJOY,2023-06-06 03:00:00,FY2-E,31.2,12.06,66.02,,Deep Depression
2023157N13066,BIPARJOY,2023-06-06 06:00:00,INSAT-3D,33.8,12.22,66.03,,Deep Depression
2023157N13066,BIPARJOY,2023-06-06 06:00:00,MET-7,33.3,12.22,66.03,,Deep Depression
2023157N13066,BIPARJOY,2023-06-06 06:00:00,FY2-E,32.8,12.22,66.03,,Deep Depression
2023157N13066,BIPARJOY,2023-06-06 09:00:00,INSAT-3D,35.5,12.38,66.05,,Cyclonic Storm
2023157N13066,BIPARJOY,2023-06-06 09:00:00,MET-7,35.0,12.38,66.05,,Cyclonic Storm
2023157N13066,BIPARJOY,2023-06-06 09:00:00,FY2-E,34.5,12.38,66.05,,Cyclonic Storm
2023157N13066,BIPARJOY,2023-06-06 12:00:00,INSAT-3D,37.2,12.53,66.07,,Cyclonic Storm
2023157N13066,BIPARJOY,2023-06-06 12:00:00,MET-7,36.7,12.53,66.07,,Cyclonic Storm
2023157N13066,BIPARJOY,2023-06-06 12:00:00,FY2-E,36.2,12.53,66.07,,Cyclonic Storm
2023157N13066,BIPARJOY,2023-06-06 15:00:00,INSAT-3D,38.8,12.69,66.08,,Cyclonic Storm
2023157N13066,BIPARJOY,2023-06-06 15:00:00,MET-7,38.3,12.69,66.08,,Cyclonic Storm
2023157N13066,BIPARJOY,2023-06-06 15:00:00,FY2-E,37.8,12.69,66.08,,Cyclonic Storm
2023157N13066,BIPARJOY,2023-06-06 18:00:00,INSAT-3D,40.5,12.85,66.10,,Cyclonic Storm
2023157N13066,BIPARJOY,2023-06-06 18:00:00,MET-7,40.0,12.85,66.10,,Cyclonic Storm
2023157N13066,BIPARJOY,2023-06-06 18:00:00,FY2-E,39.5,12.85,66.10,,Cyclonic Storm
2023157N13066,BIPARJOY,2023-06-06 21:00:00,INSAT-3D,42.2,13.01,66.12,0.20,Cyclonic Storm
2023157N13066,BIPARJOY,2023-06-06 21:00:00,MET-7,41.7,13.01,66.12,0.20,Cyclonic Storm
2023157N13066,BIPARJOY,2023-06-06 21:00:00,FY2-E,41.2,13.01,66.12,0.20,Cyclonic Storm
2023157N13066,BIPARJOY,2023-06-07 00:00:00,INSAT-3D,43.8,13.17,66.13,0.20,Cyclonic Storm
2023157N13066,BIPARJOY,2023-06-07 00:00:00,MET-7,43.3,13.17,66.13,0.20,Cyclonic Storm
2023157N13066,BIPARJOY,2023-06-07 00:00:00,FY2-E,42.8,13.17,66.13,0.20,Cyclonic Storm
2023157N13066,BIPARJOY,2023-06-07 03:00:00,INSAT-3D,45.5,13.33,66.15,0.20,Cyclonic Storm
2023157N13066,BIPARJOY,2023-06-07 03:00:00,MET-7,45.0,13.33,66.15,0.20,Cyclonic Storm
2023157N13066,BIPARJOY,2023-06-07 03:00:00,FY2-E,44.5,13.33,66.15,0.20,Cyclonic Storm
2023157N13066,BIPARJOY,2023-06-07 06:00:00,INSAT-3D,47.2,13.48,66.17,0.20,Cyclonic Storm
2023157N13066,BIPARJOY,2023-06-07 06:00:00,MET-7,46.7,13.48,66.17,0.20,Cyclonic Storm
2023157N13066,BIPARJOY,2023-06-07 06:00:00,FY2-E,46.2,13.48,66.17,0.20,Cyclonic Storm
2023157N13066,BIPARJOY,2023-06-07 09:00:00,INSAT-3D,48.8,13.64,66.18,0.20,Severe Cyclonic Storm
2023157N13066,BIPARJOY,2023-06-07 09:00:00,MET-7,48.3,13.64,66.18,0.20,Severe Cyclonic Storm
2023157N13066,BIPARJOY,2023-06-07 09:00:00,FY2-E,47.8,13.64,66.18,0.20,Severe Cyclonic Storm
2023157N13066,BIPARJOY,2023-06-07 12:00:00,INSAT-3D,50.5,13.80,66.20,0.20,Severe Cyclonic Storm
2023157N13066,BIPARJOY,2023-06-07 12:00:00,MET-7,50.0,13.80,66.20,0.20,Severe Cyclonic Storm
2023157N13066,BIPARJOY,2023-06-07 12:00:00,FY2-E,49.5,13.80,66.20,0.20,Severe Cyclonic Storm
2023157N13066,BIPARJOY,2023-06-07 15:00:00,INSAT-3D,52.6,14.03,66.30,0.20,Severe Cyclonic Storm
2023157N13066,BIPARJOY,2023-06-07 15:00:00,MET-7,52.1,14.03,66.30,0.20,Severe Cyclonic Storm
2023157N13066,BIPARJOY,2023-06-07 15:00:00,FY2-E,51.6,14.03,66.30,0.20,Severe Cyclonic Storm
2023157N13066,BIPARJOY,2023-06-07 18:00:00,INSAT-3D,54.7,14.25,66.40,0.20,Severe Cyclonic Storm
2023157N13066,BIPARJOY,2023-06-07 18:00:00,MET-7,54.2,14.25,66.40,0.20,Severe Cyclonic Storm
2023157N13066,BIPARJOY,2023-06-07 18:00:00,FY2-E,53.7,14.25,66.40,0.20,Severe Cyclonic Storm
2023157N13066,BIPARJOY,2023-06-07 21:00:00,INSAT-3D,56.8,14.48,66.50,0.20,Severe Cyclonic Storm
2023157N13066,BIPARJOY,2023-06-07 21:00:00,MET-7,56.2,14.48,66.50,0.20,Severe Cyclonic Storm
2023157N13066,BIPARJOY,2023-06-07 21:00:00,FY2-E,55.8,14.48,66.50,0.20,Severe Cyclonic Storm
2023157N13066,BIPARJOY,2023-06-08 00:00:00,INSAT-3D,58.8,14.70,66.60,0.20,Severe Cyclonic Storm
2023157N13066,BIPARJOY,2023-06-08 00:00:00,MET-7,58.3,14.70,66.60,0.20,Severe Cyclonic Storm
2023157N13066,BIPARJOY,2023-06-08 00:00:00,FY2-E,57.8,14.70,66.60,0.20,Severe Cyclonic Storm
2023157N13066,BIPARJOY,2023-06-08 03:00:00,INSAT-3D,60.9,14.93,66.70,0.20,Severe Cyclonic Storm
2023157N13066,BIPARJOY,2023-06-08 03:00:00,MET-7,60.4,14.93,66.70,0.20,Severe Cyclonic Storm
2023157N13066,BIPARJOY,2023-06-08 03:00:00,FY2-E,59.9,14.93,66.70,0.20,Severe Cyclonic Storm
2023157N13066,BIPARJOY,2023-06-08 06:00:00,INSAT-3D,63.0,15.15,66.80,0.20,Severe Cyclonic Storm
2023157N13066,BIPARJOY,2023-06-08 06:00:00,MET-7,62.5,15.15,66.80,0.20,Severe Cyclonic Storm
2023157N13066,BIPARJOY,2023-06-08 06:00:00,FY2-E,62.0,15.15,66.80,0.20,Severe Cyclonic Storm
2023157N13066,BIPARJOY,2023-06-08 09:00:00,INSAT-3D,65.1,15.38,66.90,0.20,Very Severe Cyclonic Storm
2023157N13066,BIPARJOY,2023-06-08 09:00:00,MET-7,64.6,15.38,66.90,0.20,Very Severe Cyclonic Storm
2023157N13066,BIPARJOY,2023-06-08 09:00:00,FY2-E,64.1,15.38,66.90,0.20,Very Severe Cyclonic Storm
2023157N13066,BIPARJOY,2023-06-08 12:00:00,INSAT-3D,67.2,15.60,67.00,0.20,Very Severe Cyclonic Storm
2023157N13066,BIPARJOY,2023-06-08 12:00:00,MET-7,66.7,15.60,67.00,0.20,Very Severe Cyclonic Storm
2023157N13066,BIPARJOY,2023-06-08 12:00:00,FY2-E,66.2,15.60,67.00,0.20,Very Severe Cyclonic Storm
2023157N13066,BIPARJOY,2023-06-08 15:00:00,INSAT-3D,69.2,15.82,67.10,0.20,Very Severe Cyclonic Storm
2023157N13066,BIPARJOY,2023-06-08 15:00:00,MET-7,68.8,15.82,67.10,0.20,Very Severe Cyclonic Storm
2023157N13066,BIPARJOY,2023-06-08 15:00:00,FY2-E,68.2,15.82,67.10,0.20,Very Severe Cyclonic Storm
2023157N13066,BIPARJOY,2023-06-08 18:00:00,INSAT-3D,71.3,16.05,67.20,0.20,Very Severe Cyclonic Storm
2023157N13066,BIPARJOY,2023-06-08 18:00:00,MET-7,70.8,16.05,67.20,0.20,Very Severe Cyclonic Storm
2023157N13066,BIPARJOY,2023-06-08 18:00:00,FY2-E,70.3,16.05,67.20,0.20,Very Severe Cyclonic Storm
2023157N13066,BIPARJOY,2023-06-08 21:00:00,INSAT-3D,73.4,16.27,67.30,0.20,Very Severe Cyclonic Storm
2023157N13066,BIPARJOY,2023-06-08 21:00:00,MET-7,72.9,16.27,67.30,0.20,Very Severe Cyclonic Storm
2023157N13066,BIPARJOY,2023-06-08 21:00:00,FY2-E,72.4,16.27,67.30,0.20,Very Severe Cyclonic Storm
2023157N13066,BIPARJOY,2023-06-09 00:00:00,INSAT-3D,75.5,16.50,67.40,0.65,Very Severe Cyclonic Storm
2023157N13066,BIPARJOY,2023-06-09 00:00:00,MET-7,75.0,16.50,67.40,0.65,Very Severe Cyclonic Storm
2023157N13066,BIPARJOY,2023-06-09 00:00:00,FY2-E,74.5,16.50,67.40,0.65,Very Severe Cyclonic Storm
2023157N13066,BIPARJOY,2023-06-09 03:00:00,INSAT-3D,77.2,16.69,67.43,0.65,Very Severe Cyclonic Storm
2023157N13066,BIPARJOY,2023-06-09 03:00:00,MET-7,76.7,16.69,67.43,0.65,Very Severe Cyclonic Storm
2023157N13066,BIPARJOY,2023-06-09 03:00:00,FY2-E,76.2,16.69,67.43,0.65,Very Severe Cyclonic Storm
2023157N13066,BIPARJOY,2023-06-09 06:00:00,INSAT-3D,78.8,16.88,67.47,0.65,Very Severe Cyclonic Storm
2023157N13066,BIPARJOY,2023-06-09 06:00:00,MET-7,78.3,16.88,67.47,0.65,Very Severe Cyclonic Storm
2023157N13066,BIPARJOY,2023-06-09 06:00:00,FY2-E,77.8,16.88,67.47,0.65,Very Severe Cyclonic Storm
2023157N13066,BIPARJOY,2023-06-09 09:00:00,INSAT-3D,80.5,17.07,67.50,0.65,Very Severe Cyclonic Storm
2023157N13066,BIPARJOY,2023-06-09 09:00:00,MET-7,80.0,17.07,67.50,0.65,Very Severe Cyclonic Storm
2023157N13066,BIPARJOY,2023-06-09 09:00:00,FY2-E,79.5,17.07,67.50,0.65,Very Severe Cyclonic Storm
2023157N13066,BIPARJOY,2023-06-09 12:00:00,INSAT-3D,82.2,17.27,67.53,0.65,Very Severe Cyclonic Storm
2023157N13066,BIPARJOY,2023-06-09 12:00:00,MET-7,81.7,17.27,67.53,0.65,Very Severe Cyclonic Storm
2023157N13066,BIPARJOY,2023-06-09 12:00:00,FY2-E,81.2,17.27,67.53,0.65,Very Severe Cyclonic Storm
2023157N13066,BIPARJOY,2023-06-09 15:00:00,INSAT-3D,83.8,17.46,67.57,0.65,Very Severe Cyclonic Storm
2023157N13066,BIPARJOY,2023-06-09 15:00:00,MET-7,83.3,17.46,67.57,0.65,Very Severe Cyclonic Storm
2023157N13066,BIPARJOY,2023-06-09 15:00:00,FY2-E,82.8,17.46,67.57,0.65,Very Severe Cyclonic Storm
2023157N13066,BIPARJOY,2023-06-09 18:00:00,INSAT-3D,85.5,17.65,67.60,0.65,Very Severe Cyclonic Storm
2023157N13066,BIPARJOY,2023-06-09 18:00:00,MET-7,85.0,17.65,67.60,0.65,Very Severe Cyclonic Storm
2023157N13066,BIPARJOY,2023-06-09 18:00:00,FY2-E,84.5,17.65,67.60,0.65,Very Severe Cyclonic Storm
2023157N13066,BIPARJOY,2023-06-09 21:00:00,INSAT-3D,87.2,17.84,67.63,0.65,Very Severe Cyclonic Storm
2023157N13066,BIPARJOY,2023-06-09 21:00:00,MET-7,86.7,17.84,67.63,0.65,Very Severe Cyclonic Storm
2023157N13066,BIPARJOY,2023-06-09 21:00:00,FY2-E,86.2,17.84,67.63,0.65,Very Severe Cyclonic Storm
2023157N13066,BIPARJOY,2023-06-10 00:00:00,INSAT-3D,88.8,18.03,67.67,0.65,Very Severe Cyclonic Storm
2023157N13066,BIPARJOY,2023-06-10 00:00:00,MET-7,88.3,18.03,67.67,0.65,Very Severe Cyclonic Storm
2023157N13066,BIPARJOY,2023-06-10 00:00:00,FY2-E,87.8,18.03,67.67,0.65,Very Severe Cyclonic Storm
2023157N13066,BIPARJOY,2023-06-10 03:00:00,INSAT-3D,90.5,18.23,67.70,0.65,Extremely Severe Cyclonic Storm
2023157N13066,BIPARJOY,2023-06-10 03:00:00,MET-7,90.0,18.23,67.70,0.65,Extremely Severe Cyclonic Storm
2023157N13066,BIPARJOY,2023-06-10 03:00:00,FY2-E,89.5,18.23,67.70,0.65,Extremely Severe Cyclonic Storm
2023157N13066,BIPARJOY,2023-06-10 06:00:00,INSAT-3D,92.2,18.42,67.73,0.65,Extremely Severe Cyclonic Storm
2023157N13066,BIPARJOY,2023-06-10 06:00:00,MET-7,91.7,18.42,67.73,0.65,Extremely Severe Cyclonic Storm
2023157N13066,BIPARJOY,2023-06-10 06:00:00,FY2-E,91.2,18.42,67.73,0.65,Extremely Severe Cyclonic Storm
2023157N13066,BIPARJOY,2023-06-10 09:00:00,INSAT-3D,93.8,18.61,67.77,0.65,Extremely Severe Cyclonic Storm
2023157N13066,BIPARJOY,2023-06-10 09:00:00,MET-7,93.3,18.61,67.77,0.65,Extremely Severe Cyclonic Storm
2023157N13066,BIPARJOY,2023-06-10 09:00:00,FY2-E,92.8,18.61,67.77,0.65,Extremely Severe Cyclonic Storm
2023157N13066,BIPARJOY,2023-06-10 12:00:00,INSAT-3D,95.5,18.80,67.80,0.90,Extremely Severe Cyclonic Storm
2023157N13066,BIPARJOY,2023-06-10 12:00:00,MET-7,95.0,18.80,67.80,0.90,Extremely Severe Cyclonic Storm
2023157N13066,BIPARJOY,2023-06-10 12:00:00,FY2-E,94.5,18.80,67.80,0.90,Extremely Severe Cyclonic Storm
2023157N13066,BIPARJOY,2023-06-10 15:00:00,INSAT-3D,94.2,18.94,67.75,0.90,Extremely Severe Cyclonic Storm
2023157N13066,BIPARJOY,2023-06-10 15:00:00,MET-7,93.8,18.94,67.75,0.90,Extremely Severe Cyclonic Storm
2023157N13066,BIPARJOY,2023-06-10 15:00:00,FY2-E,93.2,18.94,67.75,0.90,Extremely Severe Cyclonic Storm
2023157N13066,BIPARJOY,2023-06-10 18:00:00,INSAT-3D,93.0,19.08,67.70,0.90,Extremely Severe Cyclonic Storm
2023157N13066,BIPARJOY,2023-06-10 18:00:00,MET-7,92.5,19.08,67.70,0.90,Extremely Severe Cyclonic Storm
2023157N13066,BIPARJOY,2023-06-10 18:00:00,FY2-E,92.0,19.08,67.70,0.90,Extremely Severe Cyclonic Storm
2023157N13066,BIPARJOY,2023-06-10 21:00:00,INSAT-3D,91.8,19.23,67.65,0.90,Extremely Severe Cyclonic Storm
2023157N13066,BIPARJOY,2023-06-10 21:00:00,MET-7,91.2,19.23,67.65,0.90,Extremely Severe Cyclonic Storm
2023157N13066,BIPARJOY,2023-06-10 21:00:00,FY2-E,90.8,19.23,67.65,0.90,Extremely Severe Cyclonic Storm
2023157N13066,BIPARJOY,2023-06-11 00:00:00,INSAT-3D,90.5,19.37,67.60,0.90,Extremely Severe Cyclonic Storm
2023157N13066,BIPARJOY,2023-06-11 00:00:00,MET-7,90.0,19.37,67.60,0.90,Extremely Severe Cyclonic Storm
2023157N13066,BIPARJOY,2023-06-11 00:00:00,FY2-E,89.5,19.37,67.60,0.90,Extremely Severe Cyclonic Storm
2023157N13066,BIPARJOY,2023-06-11 03:00:00,INSAT-3D,89.2,19.51,67.55,0.90,Very Severe Cyclonic Storm
2023157N13066,BIPARJOY,2023-06-11 03:00:00,MET-7,88.8,19.51,67.55,0.90,Very Severe Cyclonic Storm
2023157N13066,BIPARJOY,2023-06-11 03:00:00,FY2-E,88.2,19.51,67.55,0.90,Very Severe Cyclonic Storm
2023157N13066,BIPARJOY,2023-06-11 06:00:00,INSAT-3D,88.0,19.65,67.50,0.90,Very Severe Cyclonic Storm
2023157N13066,BIPARJOY,2023-06-11 06:00:00,MET-7,87.5,19.65,67.50,0.90,Very Severe Cyclonic Storm
2023157N13066,BIPARJOY,2023-06-11 06:00:00,FY2-E,87.0,19.65,67.50,0.90,Very Severe Cyclonic Storm
2023157N13066,BIPARJOY,2023-06-11 09:00:00,INSAT-3D,86.8,19.79,67.45,0.90,Very Severe Cyclonic Storm
2023157N13066,BIPARJOY,2023-06-11 09:00:00,MET-7,86.2,19.79,67.45,0.90,Very Severe Cyclonic Storm
2023157N13066,BIPARJOY,2023-06-11 09:00:00,FY2-E,85.8,19.79,67.45,0.90,Very Severe Cyclonic Storm
2023157N13066,BIPARJOY,2023-06-11 12:00:00,INSAT-3D,85.5,19.93,67.40,0.90,Very Severe Cyclonic Storm
2023157N13066,BIPARJOY,2023-06-11 12:00:00,MET-7,85.0,19.93,67.40,0.90,Very Severe Cyclonic Storm
2023157N13066,BIPARJOY,2023-06-11 12:00:00,FY2-E,84.5,19.93,67.40,0.90,Very Severe Cyclonic Storm
2023157N13066,BIPARJOY,2023-06-11 15:00:00,INSAT-3D,84.2,20.07,67.35,0.90,Very Severe Cyclonic Storm
2023157N13066,BIPARJOY,2023-06-11 15:00:00,MET-7,83.8,20.07,67.35,0.90,Very Severe Cyclonic Storm
2023157N13066,BIPARJOY,2023-06-11 15:00:00,FY2-E,83.2,20.07,67.35,0.90,Very Severe Cyclonic Storm
2023157N13066,BIPARJOY,2023-06-11 18:00:00,INSAT-3D,83.0,20.22,67.30,0.90,Very Severe Cyclonic Storm
2023157N13066,BIPARJOY,2023-06-11 18:00:00,MET-7,82.5,20.22,67.30,0.90,Very Severe Cyclonic Storm
2023157N13066,BIPARJOY,2023-06-11 18:00:00,FY2-E,82.0,20.22,67.30,0.90,Very Severe Cyclonic Storm
2023157N13066,BIPARJOY,2023-06-11 21:00:00,INSAT-3D,81.8,20.36,67.25,0.90,Very Severe Cyclonic Storm
2023157N13066,BIPARJOY,2023-06-11 21:00:00,MET-7,81.2,20.36,67.25,0.90,Very Severe Cyclonic Storm
2023157N13066,BIPARJOY,2023-06-11 21:00:00,FY2-E,80.8,20.36,67.25,0.90,Very Severe Cyclonic Storm
2023157N13066,BIPARJOY,2023-06-12 00:00:00,INSAT-3D,80.5,20.50,67.20,0.70,Very Severe Cyclonic Storm
2023157N13066,BIPARJOY,2023-06-12 00:00:00,MET-7,80.0,20.50,67.20,0.70,Very Severe Cyclonic Storm
2023157N13066,BIPARJOY,2023-06-12 00:00:00,FY2-E,79.5,20.50,67.20,0.70,Very Severe Cyclonic Storm
2023157N13066,BIPARJOY,2023-06-12 03:00:00,INSAT-3D,80.1,20.61,67.17,0.70,Very Severe Cyclonic Storm
2023157N13066,BIPARJOY,2023-06-12 03:00:00,MET-7,79.6,20.61,67.17,0.70,Very Severe Cyclonic Storm
2023157N13066,BIPARJOY,2023-06-12 03:00:00,FY2-E,79.1,20.61,67.17,0.70,Very Severe Cyclonic Storm
2023157N13066,BIPARJOY,2023-06-12 06:00:00,INSAT-3D,79.7,20.72,67.13,0.70,Very Severe Cyclonic Storm
2023157N13066,BIPARJOY,2023-06-12 06:00:00,MET-7,79.2,20.72,67.13,0.70,Very Severe Cyclonic Storm
2023157N13066,BIPARJOY,2023-06-12 06:00:00,FY2-E,78.7,20.72,67.13,0.70,Very Severe Cyclonic Storm
2023157N13066,BIPARJOY,2023-06-12 09:00:00,INSAT-3D,79.2,20.82,67.10,0.70,Very Severe Cyclonic Storm
2023157N13066,BIPARJOY,2023-06-12 09:00:00,MET-7,78.8,20.82,67.10,0.70,Very Severe Cyclonic Storm
2023157N13066,BIPARJOY,2023-06-12 09:00:00,FY2-E,78.2,20.82,67.10,0.70,Very Severe Cyclonic Storm
2023157N13066,BIPARJOY,2023-06-12 12:00:00,INSAT-3D,78.8,20.93,67.07,0.70,Very Severe Cyclonic Storm
2023157N13066,BIPARJOY,2023-06-12 12:00:00,MET-7,78.3,20.93,67.07,0.70,Very Severe Cyclonic Storm
2023157N13066,BIPARJOY,2023-06-12 12:00:00,FY2-E,77.8,20.93,67.07,0.70,Very Severe Cyclonic Storm
2023157N13066,BIPARJOY,2023-06-12 15:00:00,INSAT-3D,78.4,21.04,67.03,0.70,Very Severe Cyclonic Storm
2023157N13066,BIPARJOY,2023-06-12 15:00:00,MET-7,77.9,21.04,67.03,0.70,Very Severe Cyclonic Storm
2023157N13066,BIPARJOY,2023-06-12 15:00:00,FY2-E,77.4,21.04,67.03,0.70,Very Severe Cyclonic Storm
2023157N13066,BIPARJOY,2023-06-12 18:00:00,INSAT-3D,78.0,21.15,67.00,0.70,Very Severe Cyclonic Storm
2023157N13066,BIPARJOY,2023-06-12 18:00:00,MET-7,77.5,21.15,67.00,0.70,Very Severe Cyclonic Storm
2023157N13066,BIPARJOY,2023-06-12 18:00:00,FY2-E,77.0,21.15,67.00,0.70,Very Severe Cyclonic Storm
2023157N13066,BIPARJOY,2023-06-12 21:00:00,INSAT-3D,77.6,21.26,66.97,0.70,Very Severe Cyclonic Storm
2023157N13066,BIPARJOY,2023-06-12 21:00:00,MET-7,77.1,21.26,66.97,0.70,Very Severe Cyclonic Storm
2023157N13066,BIPARJOY,2023-06-12 21:00:00,FY2-E,76.6,21.26,66.97,0.70,Very Severe Cyclonic Storm
2023157N13066,BIPARJOY,2023-06-13 00:00:00,INSAT-3D,77.2,21.37,66.93,0.70,Very Severe Cyclonic Storm
2023157N13066,BIPARJOY,2023-06-13 00:00:00,MET-7,76.7,21.37,66.93,0.70,Very Severe Cyclonic Storm
2023157N13066,BIPARJOY,2023-06-13 00:00:00,FY2-E,76.2,21.37,66.93,0.70,Very Severe Cyclonic Storm
2023157N13066,BIPARJOY,2023-06-13 03:00:00,INSAT-3D,76.8,21.48,66.90,0.70,Very Severe Cyclonic Storm
2023157N13066,BIPARJOY,2023-06-13 03:00:00,MET-7,76.2,21.48,66.90,0.70,Very Severe Cyclonic Storm
2023157N13066,BIPARJOY,2023-06-13 03:00:00,FY2-E,75.8,21.48,66.90,0.70,Very Severe Cyclonic Storm
2023157N13066,BIPARJOY,2023-06-13 06:00:00,INSAT-3D,76.3,21.58,66.87,0.70,Very Severe Cyclonic Storm
2023157N13066,BIPARJOY,2023-06-13 06:00:00,MET-7,75.8,21.58,66.87,0.70,Very Severe Cyclonic Storm
2023157N13066,BIPARJOY,2023-06-13 06:00:00,FY2-E,75.3,21.58,66.87,0.70,Very Severe Cyclonic Storm
2023157N13066,BIPARJOY,2023-06-13 09:00:00,INSAT-3D,75.9,21.69,66.83,0.70,Very Severe Cyclonic Storm
2023157N13066,BIPARJOY,2023-06-13 09:00:00,MET-7,75.4,21.69,66.83,0.70,Very Severe Cyclonic Storm
2023157N13066,BIPARJOY,2023-06-13 09:00:00,FY2-E,74.9,21.69,66.83,0.70,Very Severe Cyclonic Storm
2023157N13066,BIPARJOY,2023-06-13 12:00:00,INSAT-3D,75.5,21.80,66.80,0.60,Very Severe Cyclonic Storm
2023157N13066,BIPARJOY,2023-06-13 12:00:00,MET-7,75.0,21.80,66.80,0.60,Very Severe Cyclonic Storm
2023157N13066,BIPARJOY,2023-06-13 12:00:00,FY2-E,74.5,21.80,66.80,0.60,Very Severe Cyclonic Storm
2023157N13066,BIPARJOY,2023-06-13 15:00:00,INSAT-3D,74.7,21.92,66.92,0.60,Very Severe Cyclonic Storm
2023157N13066,BIPARJOY,2023-06-13 15:00:00,MET-7,74.2,21.92,66.92,0.60,Very Severe Cyclonic Storm
2023157N13066,BIPARJOY,2023-06-13 15:00:00,FY2-E,73.7,21.92,66.92,0.60,Very Severe Cyclonic Storm
2023157N13066,BIPARJOY,2023-06-13 18:00:00,INSAT-3D,73.8,22.03,67.05,0.60,Very Severe Cyclonic Storm
2023157N13066,BIPARJOY,2023-06-13 18:00:00,MET-7,73.3,22.03,67.05,0.60,Very Severe Cyclonic Storm
2023157N13066,BIPARJOY,2023-06-13 18:00:00,FY2-E,72.8,22.03,67.05,0.60,Very Severe Cyclonic Storm
2023157N13066,BIPARJOY,2023-06-13 21:00:00,INSAT-3D,73.0,22.15,67.17,0.60,Very Severe Cyclonic Storm
2023157N13066,BIPARJOY,2023-06-13 21:00:00,MET-7,72.5,22.15,67.17,0.60,Very Severe Cyclonic Storm
2023157N13066,BIPARJOY,2023-06-13 21:00:00,FY2-E,72.0,22.15,67.17,0.60,Very Severe Cyclonic Storm
2023157N13066,BIPARJOY,2023-06-14 00:00:00,INSAT-3D,72.2,22.27,67.30,0.60,Very Severe Cyclonic Storm
2023157N13066,BIPARJOY,2023-06-14 00:00:00,MET-7,71.7,22.27,67.30,0.60,Very Severe Cyclonic Storm
2023157N13066,BIPARJOY,2023-06-14 00:00:00,FY2-E,71.2,22.27,67.30,0.60,Very Severe Cyclonic Storm
2023157N13066,BIPARJOY,2023-06-14 03:00:00,INSAT-3D,71.3,22.38,67.42,0.60,Very Severe Cyclonic Storm
2023157N13066,BIPARJOY,2023-06-14 03:00:00,MET-7,70.8,22.38,67.42,0.60,Very Severe Cyclonic Storm
2023157N13066,BIPARJOY,2023-06-14 03:00:00,FY2-E,70.3,22.38,67.42,0.60,Very Severe Cyclonic Storm
2023157N13066,BIPARJOY,2023-06-14 06:00:00,INSAT-3D,70.5,22.50,67.55,0.60,Very Severe Cyclonic Storm
2023157N13066,BIPARJOY,2023-06-14 06:00:00,MET-7,70.0,22.50,67.55,0.60,Very Severe Cyclonic Storm
2023157N13066,BIPARJOY,2023-06-14 06:00:00,FY2-E,69.5,22.50,67.55,0.60,Very Severe Cyclonic Storm
2023157N13066,BIPARJOY,2023-06-14 09:00:00,INSAT-3D,69.7,22.62,67.67,0.60,Very Severe Cyclonic Storm
2023157N13066,BIPARJOY,2023-06-14 09:00:00,MET-7,69.2,22.62,67.67,0.60,Very Severe Cyclonic Storm
2023157N13066,BIPARJOY,2023-06-14 09:00:00,FY2-E,68.7,22.62,67.67,0.60,Very Severe Cyclonic Storm
2023157N13066,BIPARJOY,2023-06-14 12:00:00,INSAT-3D,68.8,22.73,67.80,0.60,Very Severe Cyclonic Storm
2023157N13066,BIPARJOY,2023-06-14 12:00:00,MET-7,68.3,22.73,67.80,0.60,Very Severe Cyclonic Storm
2023157N13066,BIPARJOY,2023-06-14 12:00:00,FY2-E,67.8,22.73,67.80,0.60,Very Severe Cyclonic Storm
2023157N13066,BIPARJOY,2023-06-14 15:00:00,INSAT-3D,68.0,22.85,67.92,0.60,Very Severe Cyclonic Storm
2023157N13066,BIPARJOY,2023-06-14 15:00:00,MET-7,67.5,22.85,67.92,0.60,Very Severe Cyclonic Storm
2023157N13066,BIPARJOY,2023-06-14 15:00:00,FY2-E,67.0,22.85,67.92,0.60,Very Severe Cyclonic Storm
2023157N13066,BIPARJOY,2023-06-14 18:00:00,INSAT-3D,67.2,22.97,68.05,0.60,Very Severe Cyclonic Storm
2023157N13066,BIPARJOY,2023-06-14 18:00:00,MET-7,66.7,22.97,68.05,0.60,Very Severe Cyclonic Storm
2023157N13066,BIPARJOY,2023-06-14 18:00:00,FY2-E,66.2,22.97,68.05,0.60,Very Severe Cyclonic Storm
2023157N13066,BIPARJOY,2023-06-14 21:00:00,INSAT-3D,66.3,23.08,68.17,0.60,Very Severe Cyclonic Storm
2023157N13066,BIPARJOY,2023-06-14 21:00:00,MET-7,65.8,23.08,68.17,0.60,Very Severe Cyclonic Storm
2023157N13066,BIPARJOY,2023-06-14 21:00:00,FY2-E,65.3,23.08,68.17,0.60,Very Severe Cyclonic Storm
2023157N13066,BIPARJOY,2023-06-15 00:00:00,INSAT-3D,65.5,23.20,68.30,0.40,Very Severe Cyclonic Storm
2023157N13066,BIPARJOY,2023-06-15 00:00:00,MET-7,65.0,23.20,68.30,0.40,Very Severe Cyclonic Storm
2023157N13066,BIPARJOY,2023-06-15 00:00:00,FY2-E,64.5,23.20,68.30,0.40,Very Severe Cyclonic Storm
2023157N13066,BIPARJOY,2023-06-15 03:00:00,INSAT-3D,62.6,23.35,68.57,0.40,Severe Cyclonic Storm
2023157N13066,BIPARJOY,2023-06-15 03:00:00,MET-7,62.1,23.35,68.57,0.40,Severe Cyclonic Storm
2023157N13066,BIPARJOY,2023-06-15 03:00:00,FY2-E,61.6,23.35,68.57,0.40,Severe Cyclonic Storm
2023157N13066,BIPARJOY,2023-06-15 06:00:00,INSAT-3D,59.7,23.50,68.83,0.40,Severe Cyclonic Storm
2023157N13066,BIPARJOY,2023-06-15 06:00:00,MET-7,59.2,23.50,68.83,0.40,Severe Cyclonic Storm
2023157N13066,BIPARJOY,2023-06-15 06:00:00,FY2-E,58.7,23.50,68.83,0.40,Severe Cyclonic Storm
2023157N13066,BIPARJOY,2023-06-15 09:00:00,INSAT-3D,56.8,23.65,69.10,0.40,Severe Cyclonic Storm
2023157N13066,BIPARJOY,2023-06-15 09:00:00,MET-7,56.2,23.65,69.10,0.40,Severe Cyclonic Storm
2023157N13066,BIPARJOY,2023-06-15 09:00:00,FY2-E,55.8,23.65,69.10,0.40,Severe Cyclonic Storm
2023157N13066,BIPARJOY,2023-06-15 12:00:00,INSAT-3D,53.8,23.80,69.37,0.40,Severe Cyclonic Storm
2023157N13066,BIPARJOY,2023-06-15 12:00:00,MET-7,53.3,23.80,69.37,0.40,Severe Cyclonic Storm
2023157N13066,BIPARJOY,2023-06-15 12:00:00,FY2-E,52.8,23.80,69.37,0.40,Severe Cyclonic Storm
2023157N13066,BIPARJOY,2023-06-15 15:00:00,INSAT-3D,50.9,23.95,69.63,0.40,Severe Cyclonic Storm
2023157N13066,BIPARJOY,2023-06-15 15:00:00,MET-7,50.4,23.95,69.63,0.40,Severe Cyclonic Storm
2023157N13066,BIPARJOY,2023-06-15 15:00:00,FY2-E,49.9,23.95,69.63,0.40,Severe Cyclonic Storm
2023157N13066,BIPARJOY,2023-06-15 18:00:00,INSAT-3D,48.0,24.10,69.90,0.40,Cyclonic Storm
2023157N13066,BIPARJOY,2023-06-15 18:00:00,MET-7,47.5,24.10,69.90,0.40,Cyclonic Storm
2023157N13066,BIPARJOY,2023-06-15 18:00:00,FY2-E,47.0,24.10,69.90,0.40,Cyclonic Storm
2023157N13066,BIPARJOY,2023-06-15 21:00:00,INSAT-3D,45.1,24.25,70.17,,Cyclonic Storm
2023157N13066,BIPARJOY,2023-06-15 21:00:00,MET-7,44.6,24.25,70.17,,Cyclonic Storm
2023157N13066,BIPARJOY,2023-06-15 21:00:00,FY2-E,44.1,24.25,70.17,,Cyclonic Storm
2023157N13066,BIPARJOY,2023-06-16 00:00:00,INSAT-3D,42.2,24.40,70.43,,Cyclonic Storm
2023157N13066,BIPARJOY,2023-06-16 00:00:00,MET-7,41.7,24.40,70.43,,Cyclonic Storm
2023157N13066,BIPARJOY,2023-06-16 00:00:00,FY2-E,41.2,24.40,70.43,,Cyclonic Storm
2023157N13066,BIPARJOY,2023-06-16 03:00:00,INSAT-3D,39.2,24.55,70.70,,Cyclonic Storm
2023157N13066,BIPARJOY,2023-06-16 03:00:00,MET-7,38.8,24.55,70.70,,Cyclonic Storm
2023157N13066,BIPARJOY,2023-06-16 03:00:00,FY2-E,38.2,24.55,70.70,,Cyclonic Storm
2023157N13066,BIPARJOY,2023-06-16 06:00:00,INSAT-3D,36.3,24.70,70.97,,Cyclonic Storm
2023157N13066,BIPARJOY,2023-06-16 06:00:00,MET-7,35.8,24.70,70.97,,Cyclonic Storm
2023157N13066,BIPARJOY,2023-06-16 06:00:00,FY2-E,35.3,24.70,70.97,,Cyclonic Storm
2023157N13066,BIPARJOY,2023-06-16 09:00:00,INSAT-3D,33.4,24.85,71.23,,Deep Depression
2023157N13066,BIPARJOY,2023-06-16 09:00:00,MET-7,32.9,24.85,71.23,,Deep Depression
2023157N13066,BIPARJOY,2023-06-16 09:00:00,FY2-E,32.4,24.85,71.23,,Deep Depression
